"grade_id","course_id","student_id","grade"
"1","63","624","3"
"2","129","1256","1"
"3","32","4","4"
"4","50","621","4"
"5","65","212","5"
"6","3","70","2"
"7","65","683","2"
"8","123","105","1"
"9","40","880","0"
"10","91","1943","3"
"11","127","1753","4"
"12","144","853","2"
"13","58","943","2"
"14","127","1644","2"
"15","109","75","5"
"16","100","895","2"
"17","84","1819","2"
"18","62","1917","0"
"19","58","1434","4"
"20","56","370","1"
"21","93","811","3"
"22","46","395","5"
"23","132","595","3"
"24","35","739","4"
"25","88","480","0"
"26","89","224","0"
"27","57","1151","1"
"28","16","226","4"
"29","18","1198","4"
"30","137","1929","1"
"31","66","281","2"
"32","97","1285","2"
"33","40","1022","1"
"34","70","1039","3"
"35","98","119","5"
"36","2","612","3"
"37","63","1649","0"
"38","121","1021","3"
"39","0","454","2"
"40","106","221","2"
"41","99","1746","1"
"42","40","630","0"
"43","32","1245","5"
"44","83","1187","5"
"45","39","686","0"
"46","138","381","4"
"47","46","167","0"
"48","100","179","1"
"49","117","310","1"
"50","37","481","4"
"51","105","888","3"
"52","80","1389","0"
"53","115","1376","0"
"54","51","1372","1"
"55","59","337","1"
"56","34","1627","5"
"57","104","849","3"
"58","86","1062","1"
"59","9","107","4"
"60","141","285","1"
"61","58","1549","2"
"62","33","60","5"
"63","48","1611","5"
"64","67","362","0"
"65","99","777","0"
"66","57","1381","2"
"67","140","1833","4"
"68","130","485","5"
"69","57","183","5"
"70","26","976","2"
"71","92","1195","2"
"72","59","1474","4"
"73","72","1544","3"
"74","112","1154","5"
"75","44","795","1"
"76","78","953","4"
"77","39","959","5"
"78","121","1646","2"
"79","8","1688","2"
"80","148","1531","0"
"81","123","782","0"
"82","11","1181","4"
"83","106","1552","2"
"84","120","666","4"
"85","60","952","0"
"86","3","898","2"
"87","8","181","0"
"88","99","1067","3"
"89","142","584","5"
"90","97","16","3"
"91","129","1297","3"
"92","85","897","3"
"93","58","1787","1"
"94","78","1997","0"
"95","64","765","0"
"96","21","1795","0"
"97","56","1289","1"
"98","87","552","1"
"99","51","1049","0"
"100","30","1452","1"
"101","142","876","5"
"102","10","937","2"
"103","133","417","0"
"104","44","1135","0"
"105","14","1727","2"
"106","47","853","0"
"107","52","842","5"
"108","66","883","0"
"109","93","1203","3"
"110","8","72","0"
"111","116","236","5"
"112","47","1453","1"
"113","43","1041","1"
"114","48","494","5"
"115","31","1356","3"
"116","136","1072","5"
"117","90","288","1"
"118","78","797","2"
"119","101","1651","0"
"120","32","1332","3"
"121","41","460","4"
"122","97","678","3"
"123","144","1563","2"
"124","59","1951","3"
"125","132","517","1"
"126","64","1822","3"
"127","88","221","2"
"128","131","764","2"
"129","65","1166","0"
"130","76","529","4"
"131","91","946","5"
"132","91","124","1"
"133","138","1424","2"
"134","118","1033","0"
"135","80","1873","3"
"136","113","1131","0"
"137","62","1937","4"
"138","88","484","5"
"139","25","584","3"
"140","37","1327","1"
"141","28","973","0"
"142","58","1155","2"
"143","105","64","4"
"144","20","1476","3"
"145","144","316","2"
"146","125","1353","4"
"147","49","1138","3"
"148","66","919","3"
"149","104","700","4"
"150","141","554","2"
"151","27","1693","4"
"152","2","374","5"
"153","56","1680","5"
"154","92","497","4"
"155","112","1292","3"
"156","130","579","2"
"157","54","264","1"
"158","9","1562","4"
"159","96","824","5"
"160","147","1859","3"
"161","107","1861","3"
"162","96","1474","0"
"163","13","422","3"
"164","55","236","3"
"165","128","1663","1"
"166","74","1218","2"
"167","87","138","3"
"168","16","1282","4"
"169","28","1246","1"
"170","82","1214","3"
"171","49","591","1"
"172","50","1443","1"
"173","114","1464","1"
"174","43","1425","4"
"175","14","1888","0"
"176","17","1143","4"
"177","6","1330","0"
"178","25","1832","1"
"179","63","1294","0"
"180","62","1333","0"
"181","74","684","5"
"182","1","318","3"
"183","102","509","3"
"184","33","735","1"
"185","19","268","3"
"186","103","381","5"
"187","20","1083","5"
"188","78","1892","2"
"189","30","395","4"
"190","26","1791","3"
"191","8","1178","5"
"192","27","1012","5"
"193","106","1096","3"
"194","29","1554","1"
"195","53","1085","1"
"196","150","1399","3"
"197","89","1939","1"
"198","6","629","3"
"199","54","1702","1"
"200","68","989","5"
"201","40","1386","0"
"202","49","238","0"
"203","138","339","4"
"204","16","1258","4"
"205","99","210","1"
"206","31","199","2"
"207","25","661","5"
"208","98","48","5"
"209","113","870","2"
"210","18","1639","2"
"211","89","333","5"
"212","131","970","5"
"213","21","975","0"
"214","131","1332","3"
"215","107","81","2"
"216","144","1024","2"
"217","91","1204","3"
"218","14","734","0"
"219","127","506","3"
"220","45","1237","5"
"221","6","1271","4"
"222","48","1445","4"
"223","98","1434","1"
"224","130","1988","4"
"225","12","1225","4"
"226","60","687","1"
"227","92","95","5"
"228","0","1175","2"
"229","78","738","4"
"230","7","914","1"
"231","79","306","0"
"232","98","1384","4"
"233","26","1657","0"
"234","27","1812","3"
"235","31","298","4"
"236","92","1120","5"
"237","60","410","1"
"238","89","655","3"
"239","5","481","2"
"240","144","688","0"
"241","103","1469","3"
"242","58","1122","0"
"243","38","7","2"
"244","15","1309","4"
"245","37","1520","0"
"246","46","1191","0"
"247","10","903","1"
"248","112","272","0"
"249","28","370","1"
"250","133","273","2"
"251","2","1438","3"
"252","78","417","5"
"253","9","1649","4"
"254","104","52","3"
"255","150","909","0"
"256","70","494","1"
"257","30","484","2"
"258","54","1871","3"
"259","5","675","2"
"260","123","572","0"
"261","65","1416","0"
"262","118","1558","3"
"263","72","446","5"
"264","49","409","1"
"265","38","1815","0"
"266","74","176","1"
"267","73","1847","1"
"268","60","1820","1"
"269","80","1616","4"
"270","144","1936","4"
"271","38","1500","2"
"272","7","1","3"
"273","23","682","3"
"274","5","783","5"
"275","127","1834","1"
"276","8","546","4"
"277","72","578","1"
"278","90","535","2"
"279","147","930","0"
"280","61","1955","0"
"281","131","1539","3"
"282","5","375","2"
"283","36","1958","2"
"284","27","696","1"
"285","100","721","4"
"286","54","594","1"
"287","52","1056","0"
"288","124","1872","1"
"289","122","1565","3"
"290","132","1391","0"
"291","62","205","3"
"292","15","165","3"
"293","117","370","0"
"294","99","1210","1"
"295","78","1656","5"
"296","108","1426","2"
"297","123","1118","0"
"298","144","1517","2"
"299","96","1479","3"
"300","46","118","2"
"301","1","382","5"
"302","110","1828","1"
"303","123","160","2"
"304","148","1626","4"
"305","64","362","1"
"306","79","1138","0"
"307","109","195","3"
"308","60","82","3"
"309","48","690","3"
"310","112","1396","0"
"311","70","1969","1"
"312","120","292","2"
"313","70","1596","4"
"314","28","1017","0"
"315","99","761","2"
"316","56","1491","2"
"317","119","550","4"
"318","8","654","0"
"319","73","1190","0"
"320","40","406","3"
"321","101","1511","2"
"322","16","141","2"
"323","95","921","3"
"324","19","86","4"
"325","28","1891","1"
"326","130","460","1"
"327","62","102","0"
"328","55","1865","5"
"329","77","969","0"
"330","146","1030","0"
"331","13","648","2"
"332","49","1967","5"
"333","57","1027","1"
"334","41","56","1"
"335","82","293","4"
"336","78","1314","5"
"337","18","1753","1"
"338","26","941","5"
"339","71","1675","4"
"340","62","1919","0"
"341","7","1176","4"
"342","43","195","3"
"343","144","1024","0"
"344","136","348","0"
"345","43","214","1"
"346","70","427","0"
"347","98","641","3"
"348","74","1891","5"
"349","49","1386","3"
"350","46","915","5"
"351","101","1844","2"
"352","94","1807","4"
"353","146","1483","2"
"354","121","1914","1"
"355","145","278","3"
"356","63","592","2"
"357","107","1709","1"
"358","125","968","1"
"359","125","1641","0"
"360","9","502","1"
"361","4","804","0"
"362","58","853","2"
"363","28","631","1"
"364","146","1468","4"
"365","89","68","5"
"366","149","1015","3"
"367","33","1586","2"
"368","120","944","1"
"369","10","1936","1"
"370","42","860","2"
"371","9","1738","3"
"372","27","102","1"
"373","148","1278","3"
"374","21","1490","5"
"375","143","280","4"
"376","144","587","5"
"377","0","899","0"
"378","55","1153","1"
"379","62","2","1"
"380","123","677","0"
"381","57","1848","1"
"382","96","571","0"
"383","64","1544","4"
"384","6","161","4"
"385","110","264","0"
"386","44","1476","3"
"387","52","1315","2"
"388","97","1633","1"
"389","94","1449","4"
"390","39","898","4"
"391","147","631","0"
"392","35","1499","4"
"393","41","117","3"
"394","113","252","5"
"395","25","705","3"
"396","110","352","4"
"397","5","1627","2"
"398","74","1026","1"
"399","68","174","4"
"400","44","1932","1"
"401","13","1878","0"
"402","23","1266","2"
"403","55","159","3"
"404","81","5","5"
"405","15","436","3"
"406","106","306","4"
"407","125","1721","4"
"408","51","14","2"
"409","143","813","0"
"410","90","1326","5"
"411","87","530","2"
"412","74","372","0"
"413","51","1362","0"
"414","113","1258","3"
"415","122","591","0"
"416","83","1567","1"
"417","70","1580","4"
"418","63","649","3"
"419","80","489","3"
"420","121","102","0"
"421","5","1131","0"
"422","150","961","4"
"423","121","746","4"
"424","114","1397","5"
"425","63","1341","2"
"426","95","1167","1"
"427","148","508","5"
"428","117","840","3"
"429","13","836","2"
"430","149","13","5"
"431","60","1064","3"
"432","49","885","1"
"433","26","1585","4"
"434","115","1753","3"
"435","26","117","1"
"436","120","1471","2"
"437","133","227","0"
"438","31","468","4"
"439","84","1882","0"
"440","91","1568","2"
"441","84","1892","2"
"442","124","391","1"
"443","73","1387","1"
"444","42","1345","2"
"445","93","957","5"
"446","63","837","3"
"447","94","719","0"
"448","134","35","3"
"449","122","1719","1"
"450","82","1083","3"
"451","46","1338","4"
"452","86","483","0"
"453","103","1861","1"
"454","89","195","5"
"455","50","1444","5"
"456","150","1442","4"
"457","6","555","5"
"458","132","225","0"
"459","147","1218","4"
"460","122","1756","2"
"461","97","943","2"
"462","108","804","1"
"463","125","41","2"
"464","45","1726","0"
"465","75","1722","2"
"466","119","560","3"
"467","60","926","1"
"468","6","1062","2"
"469","104","1829","2"
"470","119","1460","4"
"471","46","1635","3"
"472","68","1779","0"
"473","105","277","5"
"474","98","914","3"
"475","51","99","2"
"476","143","1558","1"
"477","39","17","5"
"478","16","26","4"
"479","69","971","5"
"480","108","643","5"
"481","74","1972","5"
"482","67","1630","0"
"483","62","1793","0"
"484","6","563","2"
"485","127","404","3"
"486","73","860","0"
"487","102","1404","4"
"488","29","1886","2"
"489","52","113","1"
"490","146","395","0"
"491","72","108","4"
"492","124","992","4"
"493","55","1134","0"
"494","12","704","2"
"495","39","1262","5"
"496","118","234","0"
"497","129","1034","1"
"498","11","1296","0"
"499","141","1367","2"
"500","4","797","2"
"501","13","311","5"
"502","134","1325","3"
"503","113","255","3"
"504","74","495","3"
"505","66","334","5"
"506","61","3","0"
"507","93","1289","0"
"508","44","1551","3"
"509","147","553","3"
"510","89","117","2"
"511","43","723","1"
"512","72","1216","4"
"513","133","964","5"
"514","87","948","1"
"515","96","797","1"
"516","142","482","1"
"517","35","1097","1"
"518","33","232","2"
"519","41","130","1"
"520","14","147","5"
"521","59","1449","1"
"522","98","1111","5"
"523","54","1984","1"
"524","82","187","3"
"525","12","499","5"
"526","122","1691","1"
"527","113","716","5"
"528","34","16","0"
"529","134","694","2"
"530","106","335","1"
"531","48","875","2"
"532","39","1168","3"
"533","40","1444","4"
"534","88","686","0"
"535","4","133","1"
"536","131","797","2"
"537","86","1889","1"
"538","137","1909","5"
"539","12","199","2"
"540","146","939","5"
"541","9","1718","1"
"542","52","309","5"
"543","119","755","2"
"544","84","1628","1"
"545","98","1694","2"
"546","81","742","5"
"547","57","1327","3"
"548","36","1966","2"
"549","103","687","1"
"550","38","1984","2"
"551","149","543","3"
"552","104","206","2"
"553","111","426","5"
"554","35","654","5"
"555","46","274","4"
"556","34","733","3"
"557","149","1175","0"
"558","109","1678","2"
"559","129","266","0"
"560","122","295","0"
"561","106","1760","2"
"562","15","1827","2"
"563","44","1220","1"
"564","128","1973","5"
"565","31","297","0"
"566","130","1960","1"
"567","9","206","3"
"568","83","784","1"
"569","36","861","2"
"570","12","1225","3"
"571","41","598","5"
"572","50","597","0"
"573","10","1746","3"
"574","61","957","4"
"575","119","822","1"
"576","21","1670","1"
"577","110","73","5"
"578","84","1932","4"
"579","2","395","4"
"580","115","1019","0"
"581","88","974","5"
"582","117","13","3"
"583","97","1585","5"
"584","3","143","5"
"585","149","1877","1"
"586","58","1377","0"
"587","109","599","2"
"588","6","1886","4"
"589","30","1225","4"
"590","60","1780","3"
"591","22","1613","4"
"592","124","1772","4"
"593","62","1003","5"
"594","0","690","4"
"595","42","622","3"
"596","104","888","2"
"597","31","297","4"
"598","77","1090","5"
"599","25","884","5"
"600","46","488","2"
"601","8","682","5"
"602","68","1193","3"
"603","19","451","2"
"604","4","711","4"
"605","90","488","5"
"606","55","1041","4"
"607","131","1163","2"
"608","54","909","4"
"609","7","1451","3"
"610","143","1426","1"
"611","116","744","3"
"612","100","187","1"
"613","143","289","3"
"614","122","43","0"
"615","99","1172","0"
"616","49","1098","2"
"617","105","1429","3"
"618","71","1152","4"
"619","136","1656","3"
"620","127","1598","5"
"621","122","1471","3"
"622","133","1429","0"
"623","87","1105","5"
"624","140","1451","2"
"625","4","1969","0"
"626","72","838","4"
"627","78","1678","5"
"628","65","722","3"
"629","7","1211","4"
"630","131","1801","0"
"631","35","719","3"
"632","29","16","3"
"633","9","178","2"
"634","31","1411","1"
"635","105","1964","4"
"636","106","1836","1"
"637","128","1100","3"
"638","75","1311","1"
"639","1","759","5"
"640","85","690","1"
"641","46","707","4"
"642","135","1599","5"
"643","39","1191","5"
"644","60","1971","5"
"645","97","1568","3"
"646","80","1132","5"
"647","103","464","4"
"648","61","1957","2"
"649","64","1687","5"
"650","30","1854","4"
"651","116","135","1"
"652","82","1852","1"
"653","144","1348","0"
"654","45","1955","5"
"655","42","1387","1"
"656","114","67","4"
"657","14","1937","5"
"658","77","1962","2"
"659","25","129","3"
"660","75","1251","0"
"661","146","349","3"
"662","89","964","1"
"663","115","1492","5"
"664","126","50","3"
"665","36","63","4"
"666","78","1615","1"
"667","7","1370","5"
"668","124","292","5"
"669","77","1352","1"
"670","139","1642","3"
"671","89","1909","3"
"672","146","720","3"
"673","107","604","5"
"674","37","1919","0"
"675","40","1639","2"
"676","119","831","2"
"677","42","1682","2"
"678","121","1522","2"
"679","15","535","1"
"680","123","1858","3"
"681","95","1521","5"
"682","81","621","1"
"683","98","1286","4"
"684","62","1690","2"
"685","78","469","0"
"686","70","94","4"
"687","76","657","5"
"688","140","1607","2"
"689","104","1858","3"
"690","108","1747","0"
"691","148","753","1"
"692","136","9","1"
"693","102","1485","0"
"694","59","897","2"
"695","85","706","5"
"696","128","1892","4"
"697","118","71","3"
"698","3","1637","4"
"699","97","492","5"
"700","134","1049","5"
"701","34","1170","3"
"702","100","1241","1"
"703","85","193","3"
"704","150","624","3"
"705","101","1412","3"
"706","39","75","4"
"707","117","27","1"
"708","111","573","3"
"709","75","3","2"
"710","51","1889","0"
"711","106","1512","5"
"712","114","870","5"
"713","103","1961","0"
"714","59","1710","0"
"715","68","836","2"
"716","16","1464","2"
"717","123","529","3"
"718","86","243","1"
"719","85","1579","2"
"720","16","1384","4"
"721","117","1232","2"
"722","5","1153","2"
"723","59","1499","0"
"724","17","49","0"
"725","129","62","2"
"726","120","160","3"
"727","76","754","4"
"728","24","865","1"
"729","99","1529","2"
"730","87","1071","5"
"731","107","117","4"
"732","119","1943","1"
"733","62","76","3"
"734","77","1073","4"
"735","92","1274","3"
"736","13","570","3"
"737","73","60","5"
"738","126","202","3"
"739","143","399","1"
"740","48","226","2"
"741","65","1664","0"
"742","126","1968","0"
"743","140","566","2"
"744","129","946","5"
"745","42","1024","2"
"746","123","1302","4"
"747","41","1359","1"
"748","41","43","5"
"749","79","1484","0"
"750","43","3","1"
"751","34","1609","4"
"752","72","1713","3"
"753","125","264","0"
"754","111","649","2"
"755","114","1420","2"
"756","17","1421","3"
"757","46","373","3"
"758","58","103","3"
"759","103","1106","1"
"760","127","1284","4"
"761","41","1419","1"
"762","82","62","0"
"763","6","1423","5"
"764","57","1396","1"
"765","4","1034","5"
"766","145","79","2"
"767","39","714","3"
"768","118","1184","1"
"769","98","1857","2"
"770","19","625","1"
"771","108","1003","5"
"772","18","1807","2"
"773","12","1384","2"
"774","44","860","5"
"775","49","133","5"
"776","68","1181","4"
"777","79","544","2"
"778","141","1727","3"
"779","25","712","5"
"780","35","16","4"
"781","25","1068","0"
"782","114","491","2"
"783","77","1358","2"
"784","15","188","1"
"785","126","430","5"
"786","147","1569","1"
"787","145","392","0"
"788","80","407","3"
"789","27","219","4"
"790","46","1264","2"
"791","118","901","1"
"792","119","292","0"
"793","144","619","3"
"794","145","331","3"
"795","13","1836","5"
"796","66","1233","5"
"797","44","960","0"
"798","18","1174","2"
"799","81","1432","2"
"800","42","1322","5"
"801","30","1354","3"
"802","131","1584","5"
"803","12","460","3"
"804","140","509","4"
"805","14","22","5"
"806","133","516","4"
"807","80","552","2"
"808","19","1182","5"
"809","1","761","2"
"810","122","1538","3"
"811","143","37","0"
"812","127","628","3"
"813","80","1171","4"
"814","25","1288","3"
"815","41","1213","0"
"816","22","1718","4"
"817","125","32","0"
"818","146","1539","5"
"819","62","895","3"
"820","27","1305","0"
"821","81","859","3"
"822","100","1814","3"
"823","23","597","3"
"824","34","1714","5"
"825","46","32","0"
"826","8","414","5"
"827","119","1415","3"
"828","41","395","4"
"829","100","185","1"
"830","127","961","4"
"831","16","1628","1"
"832","14","964","4"
"833","105","152","5"
"834","49","1865","0"
"835","147","1939","1"
"836","103","1713","0"
"837","34","961","2"
"838","84","269","1"
"839","1","1834","0"
"840","17","73","3"
"841","85","56","5"
"842","42","1423","5"
"843","23","1746","4"
"844","76","287","2"
"845","117","1870","4"
"846","37","832","0"
"847","82","303","3"
"848","21","1770","2"
"849","120","1197","5"
"850","76","918","2"
"851","96","985","3"
"852","49","257","1"
"853","52","412","2"
"854","65","295","0"
"855","42","1032","1"
"856","56","522","1"
"857","105","633","1"
"858","22","820","5"
"859","103","1085","5"
"860","7","447","1"
"861","128","1520","4"
"862","58","19","0"
"863","0","731","1"
"864","17","1579","1"
"865","54","672","0"
"866","27","513","1"
"867","40","1343","5"
"868","32","1412","3"
"869","146","1064","3"
"870","129","1306","3"
"871","4","220","2"
"872","9","297","5"
"873","93","1226","3"
"874","73","1190","2"
"875","132","1650","0"
"876","62","785","4"
"877","36","1744","4"
"878","125","441","2"
"879","81","1297","0"
"880","61","766","2"
"881","9","838","1"
"882","16","1789","1"
"883","31","903","3"
"884","53","721","5"
"885","60","150","1"
"886","52","206","4"
"887","134","1477","4"
"888","124","1166","1"
"889","137","352","5"
"890","91","1769","4"
"891","48","361","1"
"892","90","1674","2"
"893","68","1778","0"
"894","28","1421","2"
"895","10","1161","5"
"896","131","399","0"
"897","90","1938","1"
"898","48","1330","2"
"899","36","1892","5"
"900","82","220","5"
"901","40","1693","3"
"902","103","1298","2"
"903","84","1484","5"
"904","45","1426","1"
"905","120","810","3"
"906","34","443","4"
"907","45","1162","4"
"908","83","1266","3"
"909","122","1476","4"
"910","74","1659","1"
"911","69","793","0"
"912","15","891","2"
"913","82","1796","1"
"914","141","760","4"
"915","96","612","4"
"916","57","1348","1"
"917","89","1009","3"
"918","78","1474","5"
"919","33","1098","3"
"920","71","750","1"
"921","131","580","5"
"922","142","1586","3"
"923","119","1184","3"
"924","121","800","0"
"925","35","857","5"
"926","23","118","2"
"927","64","1483","4"
"928","29","1458","3"
"929","16","1500","0"
"930","112","429","4"
"931","119","755","0"
"932","61","1179","4"
"933","33","1723","4"
"934","133","920","0"
"935","52","934","3"
"936","35","1131","5"
"937","75","1107","3"
"938","100","892","2"
"939","119","1765","2"
"940","81","209","3"
"941","94","273","1"
"942","65","1711","0"
"943","52","547","1"
"944","81","36","4"
"945","41","416","4"
"946","35","499","0"
"947","16","1753","2"
"948","83","134","0"
"949","54","1973","5"
"950","14","1702","0"
"951","99","324","1"
"952","77","15","4"
"953","6","1727","3"
"954","146","1863","0"
"955","33","304","3"
"956","144","537","1"
"957","127","1479","5"
"958","131","484","3"
"959","148","289","4"
"960","126","932","4"
"961","12","872","1"
"962","58","277","1"
"963","86","147","3"
"964","67","1166","3"
"965","87","1189","1"
"966","135","293","0"
"967","64","1691","0"
"968","3","268","0"
"969","114","998","5"
"970","100","1657","5"
"971","18","932","0"
"972","110","483","3"
"973","86","517","0"
"974","75","1990","0"
"975","16","1784","3"
"976","60","781","5"
"977","15","434","5"
"978","87","1767","0"
"979","30","1311","5"
"980","125","1155","5"
"981","131","1298","5"
"982","100","1584","3"
"983","86","630","3"
"984","28","1063","4"
"985","59","689","5"
"986","107","201","5"
"987","56","1396","0"
"988","109","1286","1"
"989","104","813","5"
"990","42","1925","1"
"991","56","1283","0"
"992","42","153","5"
"993","52","1070","0"
"994","103","1270","5"
"995","49","1818","5"
"996","14","637","1"
"997","42","1397","5"
"998","61","1460","5"
"999","143","475","2"
"1000","21","1374","5"
"1001","39","542","3"
"1002","140","88","3"
"1003","57","800","4"
"1004","79","496","2"
"1005","59","997","0"
"1006","7","145","4"
"1007","48","774","1"
"1008","128","1146","2"
"1009","142","638","5"
"1010","23","29","3"
"1011","142","1043","1"
"1012","74","183","0"
"1013","84","90","3"
"1014","48","164","1"
"1015","110","1091","1"
"1016","132","593","1"
"1017","148","34","0"
"1018","36","1146","0"
"1019","55","1822","4"
"1020","47","1596","2"
"1021","65","621","3"
"1022","68","110","5"
"1023","27","896","0"
"1024","66","1536","1"
"1025","24","1377","3"
"1026","128","1146","2"
"1027","61","576","1"
"1028","63","1708","4"
"1029","47","1957","5"
"1030","50","345","0"
"1031","132","1194","4"
"1032","120","34","0"
"1033","134","1890","3"
"1034","6","116","1"
"1035","43","781","2"
"1036","33","1955","3"
"1037","122","668","1"
"1038","131","1224","3"
"1039","66","1853","2"
"1040","126","1971","4"
"1041","48","1309","3"
"1042","80","1059","3"
"1043","97","1288","2"
"1044","39","1649","2"
"1045","108","860","0"
"1046","68","197","5"
"1047","15","404","1"
"1048","111","1063","4"
"1049","59","1888","2"
"1050","114","540","4"
"1051","127","956","3"
"1052","74","1566","3"
"1053","51","1453","1"
"1054","127","1027","0"
"1055","58","1862","2"
"1056","90","202","1"
"1057","89","871","4"
"1058","3","1609","5"
"1059","131","1223","2"
"1060","112","1704","1"
"1061","103","1712","5"
"1062","78","312","0"
"1063","143","1479","4"
"1064","94","166","4"
"1065","118","347","1"
"1066","144","1022","2"
"1067","138","619","0"
"1068","60","370","5"
"1069","95","544","5"
"1070","70","698","2"
"1071","109","1079","3"
"1072","87","1488","4"
"1073","45","1719","5"
"1074","74","1218","5"
"1075","134","1426","4"
"1076","127","1816","5"
"1077","19","1401","2"
"1078","85","1782","0"
"1079","64","294","2"
"1080","70","235","3"
"1081","150","1987","3"
"1082","78","771","1"
"1083","50","78","2"
"1084","32","1666","3"
"1085","149","1390","5"
"1086","137","529","5"
"1087","106","875","4"
"1088","103","944","0"
"1089","93","494","1"
"1090","92","133","4"
"1091","123","346","5"
"1092","116","288","2"
"1093","149","1407","1"
"1094","53","1865","5"
"1095","130","579","4"
"1096","68","999","2"
"1097","53","833","1"
"1098","7","582","5"
"1099","85","957","1"
"1100","91","1828","5"
"1101","69","208","3"
"1102","26","1694","1"
"1103","40","1285","2"
"1104","84","358","3"
"1105","38","292","5"
"1106","149","594","4"
"1107","117","1903","5"
"1108","132","577","0"
"1109","33","88","5"
"1110","101","452","1"
"1111","56","997","0"
"1112","30","230","3"
"1113","74","160","3"
"1114","75","1800","1"
"1115","102","1732","5"
"1116","121","1431","4"
"1117","70","950","1"
"1118","2","1378","0"
"1119","5","226","5"
"1120","89","584","2"
"1121","129","1953","2"
"1122","32","1560","4"
"1123","127","1757","1"
"1124","20","1731","1"
"1125","38","950","0"
"1126","110","596","5"
"1127","12","1331","5"
"1128","77","787","3"
"1129","2","12","3"
"1130","122","990","2"
"1131","128","1331","1"
"1132","101","1459","5"
"1133","109","1329","5"
"1134","25","242","3"
"1135","9","845","2"
"1136","4","1002","2"
"1137","87","1009","3"
"1138","107","654","5"
"1139","70","698","5"
"1140","55","721","4"
"1141","51","43","1"
"1142","101","1094","4"
"1143","141","1798","4"
"1144","129","1119","4"
"1145","35","1108","1"
"1146","91","1213","5"
"1147","84","1147","5"
"1148","43","1188","2"
"1149","71","1530","1"
"1150","11","172","2"
"1151","126","340","0"
"1152","19","1562","3"
"1153","79","1585","3"
"1154","108","1590","0"
"1155","120","430","0"
"1156","128","335","1"
"1157","112","1328","5"
"1158","47","1769","0"
"1159","90","1845","3"
"1160","89","535","3"
"1161","117","1288","2"
"1162","55","1883","5"
"1163","102","1156","1"
"1164","129","1705","0"
"1165","55","1569","3"
"1166","116","260","4"
"1167","63","1425","0"
"1168","150","1524","1"
"1169","68","782","0"
"1170","107","31","5"
"1171","8","1869","1"
"1172","71","1496","5"
"1173","46","1872","2"
"1174","107","1994","2"
"1175","104","1450","1"
"1176","63","173","5"
"1177","76","536","3"
"1178","72","632","0"
"1179","26","206","0"
"1180","67","30","3"
"1181","135","745","1"
"1182","25","1972","1"
"1183","52","366","3"
"1184","106","1265","5"
"1185","80","1939","2"
"1186","105","429","4"
"1187","108","844","0"
"1188","87","286","5"
"1189","137","89","2"
"1190","105","227","0"
"1191","143","1439","4"
"1192","36","1276","0"
"1193","36","1781","1"
"1194","74","461","1"
"1195","29","1661","1"
"1196","53","1024","5"
"1197","106","1601","5"
"1198","135","1259","1"
"1199","134","855","0"
"1200","78","887","3"
"1201","62","1727","3"
"1202","24","215","3"
"1203","142","231","4"
"1204","36","1399","4"
"1205","2","576","2"
"1206","132","1084","0"
"1207","20","437","3"
"1208","139","36","4"
"1209","7","807","5"
"1210","54","654","2"
"1211","20","891","2"
"1212","23","1310","5"
"1213","51","229","3"
"1214","72","1515","0"
"1215","120","1017","2"
"1216","86","1430","4"
"1217","87","1420","3"
"1218","148","36","1"
"1219","83","921","5"
"1220","34","1943","3"
"1221","9","1065","2"
"1222","113","1456","1"
"1223","74","393","3"
"1224","16","1552","4"
"1225","41","970","5"
"1226","60","172","5"
"1227","78","1838","3"
"1228","69","1950","2"
"1229","100","1065","1"
"1230","12","1687","1"
"1231","106","1120","4"
"1232","43","1644","4"
"1233","129","913","2"
"1234","90","421","0"
"1235","17","1918","1"
"1236","77","1345","1"
"1237","49","432","2"
"1238","78","883","5"
"1239","39","1383","5"
"1240","132","1818","4"
"1241","42","1700","2"
"1242","32","129","1"
"1243","66","524","0"
"1244","92","1398","3"
"1245","49","544","2"
"1246","23","1526","4"
"1247","3","903","2"
"1248","1","1984","3"
"1249","63","1697","1"
"1250","50","566","3"
"1251","16","953","0"
"1252","87","167","3"
"1253","127","1848","3"
"1254","84","1948","5"
"1255","88","401","3"
"1256","110","847","3"
"1257","133","881","0"
"1258","118","674","3"
"1259","17","1565","1"
"1260","124","36","0"
"1261","96","446","5"
"1262","43","1295","5"
"1263","136","938","4"
"1264","4","1644","3"
"1265","38","1065","4"
"1266","148","855","0"
"1267","78","1500","0"
"1268","19","123","2"
"1269","101","66","2"
"1270","105","71","5"
"1271","3","1539","2"
"1272","137","1339","5"
"1273","92","259","3"
"1274","58","371","1"
"1275","41","49","3"
"1276","126","433","0"
"1277","104","372","1"
"1278","45","838","4"
"1279","106","893","0"
"1280","78","1922","1"
"1281","97","888","5"
"1282","63","1274","1"
"1283","66","1256","5"
"1284","116","966","1"
"1285","105","1130","0"
"1286","90","1353","5"
"1287","13","941","5"
"1288","24","227","3"
"1289","26","1433","0"
"1290","17","1178","4"
"1291","2","195","0"
"1292","28","85","2"
"1293","49","1597","2"
"1294","12","585","4"
"1295","64","1213","4"
"1296","95","1062","3"
"1297","17","1115","0"
"1298","150","908","4"
"1299","63","389","2"
"1300","73","1836","0"
"1301","109","9","2"
"1302","74","1529","1"
"1303","63","258","0"
"1304","150","1485","4"
"1305","120","295","5"
"1306","39","1095","2"
"1307","134","1894","5"
"1308","88","1034","3"
"1309","144","1080","2"
"1310","132","730","0"
"1311","63","815","3"
"1312","14","332","5"
"1313","7","29","4"
"1314","15","1077","4"
"1315","120","922","5"
"1316","45","269","2"
"1317","33","733","5"
"1318","123","328","2"
"1319","4","742","3"
"1320","33","1139","4"
"1321","72","190","4"
"1322","7","728","1"
"1323","15","458","1"
"1324","31","559","1"
"1325","56","585","3"
"1326","78","1571","2"
"1327","116","1536","1"
"1328","68","781","1"
"1329","107","1622","1"
"1330","48","417","2"
"1331","63","1791","0"
"1332","127","1412","1"
"1333","112","503","5"
"1334","1","1661","0"
"1335","125","1234","4"
"1336","132","208","5"
"1337","140","925","3"
"1338","135","872","5"
"1339","107","1328","0"
"1340","75","1395","2"
"1341","64","216","2"
"1342","114","224","0"
"1343","126","1357","5"
"1344","94","764","5"
"1345","127","283","3"
"1346","107","1862","0"
"1347","101","211","1"
"1348","135","11","0"
"1349","136","1420","0"
"1350","30","39","1"
"1351","2","1623","4"
"1352","82","1068","5"
"1353","18","973","3"
"1354","137","1129","2"
"1355","19","995","1"
"1356","37","1993","0"
"1357","68","566","2"
"1358","85","1607","0"
"1359","81","1171","2"
"1360","72","1343","0"
"1361","149","1672","2"
"1362","105","722","3"
"1363","80","1117","3"
"1364","123","164","3"
"1365","95","1968","3"
"1366","118","1002","3"
"1367","150","1206","1"
"1368","125","1060","5"
"1369","88","1816","0"
"1370","57","670","2"
"1371","135","1319","2"
"1372","62","591","4"
"1373","4","474","5"
"1374","106","1082","1"
"1375","145","1418","4"
"1376","66","1197","3"
"1377","126","1408","1"
"1378","52","1148","2"
"1379","16","1439","1"
"1380","0","120","5"
"1381","48","203","3"
"1382","30","1264","0"
"1383","79","292","2"
"1384","127","108","3"
"1385","112","559","5"
"1386","64","679","4"
"1387","109","91","1"
"1388","28","799","2"
"1389","59","1178","3"
"1390","125","820","5"
"1391","22","1422","1"
"1392","63","658","5"
"1393","60","349","0"
"1394","28","621","2"
"1395","129","1428","5"
"1396","96","1859","1"
"1397","137","829","0"
"1398","122","1189","1"
"1399","140","395","0"
"1400","87","642","4"
"1401","114","1037","5"
"1402","4","605","4"
"1403","128","373","4"
"1404","142","1678","5"
"1405","119","91","0"
"1406","11","1597","5"
"1407","22","1011","4"
"1408","5","727","0"
"1409","80","1302","0"
"1410","120","1098","5"
"1411","83","723","0"
"1412","73","994","1"
"1413","39","277","4"
"1414","78","1138","2"
"1415","34","183","1"
"1416","62","470","3"
"1417","50","151","1"
"1418","119","575","5"
"1419","8","3","5"
"1420","38","1678","0"
"1421","77","471","0"
"1422","66","559","5"
"1423","102","501","2"
"1424","64","166","3"
"1425","147","1197","0"
"1426","51","1248","5"
"1427","33","1877","0"
"1428","81","1715","1"
"1429","32","1512","1"
"1430","24","1873","0"
"1431","30","577","1"
"1432","78","1869","3"
"1433","7","790","4"
"1434","121","1417","3"
"1435","49","1320","1"
"1436","65","148","2"
"1437","69","1364","2"
"1438","64","474","5"
"1439","12","1490","1"
"1440","64","1694","4"
"1441","2","1671","0"
"1442","15","1681","1"
"1443","10","1906","1"
"1444","43","574","5"
"1445","10","592","5"
"1446","27","1992","4"
"1447","0","1474","3"
"1448","11","485","1"
"1449","143","766","2"
"1450","47","268","0"
"1451","29","166","1"
"1452","13","685","3"
"1453","86","217","0"
"1454","42","290","3"
"1455","13","129","4"
"1456","68","353","5"
"1457","149","177","2"
"1458","149","636","1"
"1459","25","1985","3"
"1460","30","879","2"
"1461","55","785","1"
"1462","95","234","3"
"1463","21","1568","4"
"1464","95","1369","0"
"1465","141","447","1"
"1466","108","675","5"
"1467","91","1934","2"
"1468","68","1161","3"
"1469","66","1876","3"
"1470","103","1976","4"
"1471","60","802","2"
"1472","99","355","5"
"1473","103","1374","3"
"1474","130","1682","1"
"1475","54","1229","5"
"1476","38","1347","1"
"1477","20","161","3"
"1478","135","1354","5"
"1479","90","702","4"
"1480","102","286","5"
"1481","143","418","0"
"1482","31","452","2"
"1483","150","360","5"
"1484","18","1667","2"
"1485","16","741","4"
"1486","97","1524","3"
"1487","112","1671","3"
"1488","149","304","4"
"1489","68","1610","0"
"1490","98","483","0"
"1491","114","110","3"
"1492","29","136","0"
"1493","139","406","0"
"1494","83","913","4"
"1495","107","959","4"
"1496","104","472","5"
"1497","102","853","5"
"1498","77","292","2"
"1499","45","705","4"
"1500","130","1489","2"
"1501","32","1511","5"
"1502","42","1687","5"
"1503","99","47","2"
"1504","42","715","4"
"1505","81","1157","2"
"1506","111","1434","4"
"1507","91","1734","1"
"1508","102","1732","0"
"1509","102","620","0"
"1510","85","1782","5"
"1511","18","935","2"
"1512","104","243","0"
"1513","131","447","2"
"1514","114","1898","0"
"1515","104","1140","4"
"1516","28","35","1"
"1517","63","1290","0"
"1518","101","1289","1"
"1519","78","1908","4"
"1520","49","1136","4"
"1521","45","150","0"
"1522","38","863","2"
"1523","105","1030","4"
"1524","25","1194","0"
"1525","114","162","0"
"1526","40","340","4"
"1527","42","713","1"
"1528","85","1799","4"
"1529","99","345","1"
"1530","71","1610","5"
"1531","132","1977","5"
"1532","56","834","3"
"1533","43","619","3"
"1534","109","87","0"
"1535","59","441","2"
"1536","28","757","3"
"1537","131","490","0"
"1538","28","1801","4"
"1539","96","1312","4"
"1540","55","768","4"
"1541","107","1016","4"
"1542","26","649","4"
"1543","99","582","1"
"1544","133","1407","0"
"1545","34","1799","4"
"1546","89","1525","4"
"1547","139","1522","1"
"1548","57","190","1"
"1549","48","1013","5"
"1550","94","1387","1"
"1551","62","678","0"
"1552","146","7","3"
"1553","97","312","2"
"1554","147","1129","2"
"1555","135","1587","3"
"1556","130","905","0"
"1557","58","271","4"
"1558","128","1012","1"
"1559","97","458","0"
"1560","15","1846","2"
"1561","118","569","0"
"1562","6","1108","2"
"1563","110","1848","1"
"1564","55","922","5"
"1565","54","1882","3"
"1566","15","1296","1"
"1567","146","1956","0"
"1568","64","1416","2"
"1569","143","942","3"
"1570","140","128","5"
"1571","27","165","4"
"1572","24","1573","1"
"1573","68","656","2"
"1574","53","1","5"
"1575","60","950","5"
"1576","104","1137","3"
"1577","112","1119","1"
"1578","105","1238","1"
"1579","16","1780","3"
"1580","24","546","2"
"1581","140","514","3"
"1582","69","1909","1"
"1583","33","1570","2"
"1584","55","816","5"
"1585","22","965","5"
"1586","40","346","5"
"1587","119","1543","1"
"1588","63","769","1"
"1589","10","1208","1"
"1590","100","802","2"
"1591","59","1033","2"
"1592","120","724","4"
"1593","30","399","3"
"1594","129","846","0"
"1595","56","31","5"
"1596","137","726","3"
"1597","31","1690","1"
"1598","138","721","4"
"1599","108","1673","1"
"1600","134","71","4"
"1601","149","302","0"
"1602","135","1259","0"
"1603","74","858","0"
"1604","108","44","5"
"1605","69","1844","5"
"1606","115","1656","0"
"1607","13","1919","5"
"1608","134","727","5"
"1609","84","1124","2"
"1610","81","1431","4"
"1611","75","98","1"
"1612","9","363","4"
"1613","6","1283","2"
"1614","117","725","0"
"1615","43","1170","5"
"1616","121","764","1"
"1617","124","910","1"
"1618","108","271","4"
"1619","65","844","1"
"1620","49","1451","2"
"1621","122","498","3"
"1622","22","159","0"
"1623","66","1417","0"
"1624","131","1638","3"
"1625","108","1157","3"
"1626","46","692","3"
"1627","140","276","0"
"1628","48","602","5"
"1629","95","544","5"
"1630","135","79","4"
"1631","145","1605","2"
"1632","73","1782","3"
"1633","18","737","3"
"1634","23","1453","3"
"1635","0","1580","3"
"1636","58","1424","1"
"1637","128","1486","2"
"1638","58","1508","5"
"1639","19","859","3"
"1640","77","146","0"
"1641","140","1125","4"
"1642","131","829","5"
"1643","101","522","3"
"1644","107","1580","1"
"1645","42","1192","1"
"1646","12","1805","0"
"1647","23","286","5"
"1648","106","496","4"
"1649","66","1323","2"
"1650","39","964","3"
"1651","100","1872","0"
"1652","34","146","0"
"1653","116","1013","5"
"1654","75","736","1"
"1655","127","88","0"
"1656","112","1490","5"
"1657","132","1307","1"
"1658","29","1921","4"
"1659","1","731","1"
"1660","78","453","4"
"1661","75","1223","1"
"1662","105","175","1"
"1663","76","1797","5"
"1664","118","1970","2"
"1665","34","1056","5"
"1666","132","1753","0"
"1667","139","1966","3"
"1668","97","1602","1"
"1669","5","606","5"
"1670","26","588","1"
"1671","38","1632","2"
"1672","105","164","4"
"1673","4","795","2"
"1674","66","1210","3"
"1675","1","1267","5"
"1676","78","1973","2"
"1677","6","702","2"
"1678","118","1000","3"
"1679","99","119","2"
"1680","107","357","2"
"1681","72","472","3"
"1682","149","1171","4"
"1683","119","1967","2"
"1684","46","440","3"
"1685","18","1020","4"
"1686","130","820","5"
"1687","96","480","4"
"1688","63","1343","3"
"1689","73","1113","0"
"1690","33","1726","3"
"1691","44","1083","2"
"1692","102","1885","0"
"1693","49","746","4"
"1694","139","1177","4"
"1695","68","1867","3"
"1696","85","966","0"
"1697","100","1355","2"
"1698","81","655","5"
"1699","54","184","4"
"1700","2","1961","1"
"1701","147","1053","1"
"1702","87","194","2"
"1703","27","1364","3"
"1704","7","1713","1"
"1705","147","1382","4"
"1706","15","695","2"
"1707","26","451","4"
"1708","20","1578","4"
"1709","44","96","2"
"1710","13","1836","3"
"1711","48","1829","2"
"1712","31","1155","0"
"1713","70","489","1"
"1714","27","182","5"
"1715","60","1882","4"
"1716","76","63","0"
"1717","148","1325","4"
"1718","20","1892","5"
"1719","31","528","5"
"1720","10","1256","5"
"1721","82","1074","1"
"1722","106","377","0"
"1723","98","133","0"
"1724","141","311","0"
"1725","108","1011","3"
"1726","66","1948","4"
"1727","74","1697","3"
"1728","97","1128","4"
"1729","55","676","2"
"1730","21","300","2"
"1731","115","683","1"
"1732","59","211","5"
"1733","116","238","1"
"1734","132","1059","2"
"1735","129","1227","1"
"1736","78","512","4"
"1737","1","1978","0"
"1738","20","1315","1"
"1739","67","24","0"
"1740","123","1463","0"
"1741","69","91","2"
"1742","99","835","1"
"1743","53","1517","0"
"1744","93","1517","1"
"1745","113","1836","0"
"1746","69","652","3"
"1747","131","771","2"
"1748","149","149","2"
"1749","51","1881","5"
"1750","47","1644","5"
"1751","84","1639","2"
"1752","27","1259","1"
"1753","139","1414","5"
"1754","122","319","5"
"1755","90","1234","1"
"1756","129","1138","4"
"1757","20","1384","2"
"1758","23","861","0"
"1759","35","849","4"
"1760","9","1672","1"
"1761","64","1581","2"
"1762","59","356","5"
"1763","61","103","1"
"1764","19","38","4"
"1765","68","1753","5"
"1766","33","1482","1"
"1767","143","1949","0"
"1768","102","1060","3"
"1769","17","85","4"
"1770","35","410","1"
"1771","68","1416","1"
"1772","25","1478","4"
"1773","100","549","5"
"1774","46","1036","3"
"1775","49","1187","2"
"1776","114","716","5"
"1777","67","1449","3"
"1778","37","1416","0"
"1779","20","415","0"
"1780","82","221","2"
"1781","3","191","0"
"1782","137","810","0"
"1783","42","1375","2"
"1784","11","1243","2"
"1785","70","1237","5"
"1786","37","415","4"
"1787","142","187","4"
"1788","95","1919","0"
"1789","111","1462","5"
"1790","63","1332","3"
"1791","81","1137","5"
"1792","96","1750","0"
"1793","36","1301","4"
"1794","66","946","5"
"1795","11","442","1"
"1796","84","1951","3"
"1797","57","989","3"
"1798","86","1899","0"
"1799","80","466","5"
"1800","60","1597","3"
"1801","33","243","5"
"1802","62","832","0"
"1803","69","360","3"
"1804","11","1440","5"
"1805","111","213","3"
"1806","90","554","4"
"1807","130","128","5"
"1808","4","1865","1"
"1809","125","1861","2"
"1810","22","1466","5"
"1811","52","538","0"
"1812","34","1258","5"
"1813","83","1802","2"
"1814","58","736","2"
"1815","80","1181","3"
"1816","69","1769","4"
"1817","138","331","1"
"1818","83","1652","2"
"1819","26","930","2"
"1820","41","862","5"
"1821","46","1565","5"
"1822","27","1514","5"
"1823","131","1896","2"
"1824","88","194","2"
"1825","51","860","3"
"1826","15","1292","5"
"1827","36","1496","4"
"1828","38","867","5"
"1829","108","670","4"
"1830","3","451","4"
"1831","18","1868","1"
"1832","137","1269","5"
"1833","107","720","0"
"1834","98","1409","1"
"1835","56","745","3"
"1836","5","1973","0"
"1837","118","1928","2"
"1838","141","1470","5"
"1839","6","1633","4"
"1840","59","1666","2"
"1841","82","1725","4"
"1842","16","1702","5"
"1843","23","234","1"
"1844","29","1617","2"
"1845","15","901","2"
"1846","34","1895","0"
"1847","88","181","5"
"1848","35","830","4"
"1849","49","167","0"
"1850","82","963","5"
"1851","71","1085","1"
"1852","44","1804","3"
"1853","67","1993","5"
"1854","65","774","4"
"1855","0","1022","3"
"1856","18","426","3"
"1857","57","1940","5"
"1858","39","1516","5"
"1859","86","1608","4"
"1860","15","1051","5"
"1861","112","736","0"
"1862","52","505","0"
"1863","27","1904","5"
"1864","42","747","5"
"1865","104","361","5"
"1866","106","952","5"
"1867","54","663","4"
"1868","127","738","3"
"1869","39","879","3"
"1870","37","1761","3"
"1871","2","606","2"
"1872","139","114","5"
"1873","94","587","3"
"1874","112","122","4"
"1875","107","733","1"
"1876","48","493","4"
"1877","116","1119","4"
"1878","26","1480","3"
"1879","145","1049","0"
"1880","128","299","2"
"1881","13","556","1"
"1882","45","849","4"
"1883","71","1196","3"
"1884","16","21","2"
"1885","79","1895","5"
"1886","127","1624","3"
"1887","39","1735","1"
"1888","53","256","2"
"1889","95","679","0"
"1890","73","1758","4"
"1891","35","1899","3"
"1892","35","1094","4"
"1893","144","537","3"
"1894","32","405","4"
"1895","147","1897","1"
"1896","91","175","4"
"1897","58","828","3"
"1898","4","1144","3"
"1899","14","875","4"
"1900","36","1131","2"
"1901","125","854","1"
"1902","98","1626","2"
"1903","107","278","4"
"1904","145","1292","1"
"1905","23","1491","0"
"1906","33","463","4"
"1907","94","1043","1"
"1908","46","738","4"
"1909","70","727","5"
"1910","42","840","3"
"1911","62","550","3"
"1912","54","1777","5"
"1913","90","376","0"
"1914","2","1491","5"
"1915","94","1451","0"
"1916","114","1542","0"
"1917","122","1519","2"
"1918","16","750","3"
"1919","9","89","0"
"1920","72","1122","2"
"1921","70","1968","2"
"1922","73","1385","5"
"1923","123","1820","0"
"1924","85","1405","1"
"1925","54","1350","1"
"1926","69","1772","1"
"1927","131","920","0"
"1928","80","586","1"
"1929","128","152","0"
"1930","94","1384","4"
"1931","124","1113","3"
"1932","91","1824","2"
"1933","34","654","0"
"1934","58","679","0"
"1935","71","656","4"
"1936","142","1647","3"
"1937","91","332","0"
"1938","76","1139","1"
"1939","67","91","1"
"1940","77","465","3"
"1941","112","1536","2"
"1942","102","681","3"
"1943","67","970","2"
"1944","136","1240","2"
"1945","56","433","3"
"1946","39","1957","2"
"1947","49","1225","5"
"1948","102","1931","3"
"1949","145","729","5"
"1950","20","1402","2"
"1951","129","1724","5"
"1952","51","197","0"
"1953","10","511","2"
"1954","108","188","5"
"1955","99","1441","0"
"1956","36","1255","0"
"1957","114","1111","0"
"1958","46","829","1"
"1959","80","1731","0"
"1960","49","798","0"
"1961","22","1504","1"
"1962","56","1517","1"
"1963","30","217","1"
"1964","130","1809","4"
"1965","125","947","0"
"1966","105","912","0"
"1967","5","1240","2"
"1968","90","485","1"
"1969","125","1339","5"
"1970","108","1487","0"
"1971","58","1929","3"
"1972","25","757","1"
"1973","51","55","0"
"1974","119","1174","2"
"1975","149","1116","0"
"1976","13","1865","4"
"1977","50","720","4"
"1978","73","1449","1"
"1979","62","1506","3"
"1980","128","1495","4"
"1981","139","1499","4"
"1982","16","8","2"
"1983","23","1833","5"
"1984","7","52","2"
"1985","12","1331","4"
"1986","67","369","4"
"1987","36","1064","3"
"1988","150","1085","1"
"1989","17","1308","5"
"1990","95","1957","2"
"1991","50","588","4"
"1992","28","1863","0"
"1993","82","647","3"
"1994","25","789","4"
"1995","91","1904","3"
"1996","27","1222","4"
"1997","40","1821","2"
"1998","22","939","0"
"1999","48","554","4"
"2000","17","1274","5"
"2001","110","408","5"
"2002","52","978","5"
"2003","140","1868","5"
"2004","45","1437","3"
"2005","7","1932","3"
"2006","59","1175","3"
"2007","123","923","3"
"2008","28","614","3"
"2009","110","1192","2"
"2010","89","656","0"
"2011","1","1307","5"
"2012","32","1812","0"
"2013","146","1846","1"
"2014","68","1447","5"
"2015","24","361","4"
"2016","81","1233","4"
"2017","50","960","5"
"2018","71","1309","1"
"2019","25","1490","0"
"2020","10","1501","0"
"2021","2","139","3"
"2022","115","980","2"
"2023","92","1232","2"
"2024","74","367","3"
"2025","78","768","4"
"2026","101","17","2"
"2027","47","988","3"
"2028","27","1617","5"
"2029","97","389","0"
"2030","63","1775","0"
"2031","138","1185","3"
"2032","107","611","5"
"2033","59","415","4"
"2034","41","950","2"
"2035","43","1675","4"
"2036","26","702","1"
"2037","148","471","0"
"2038","113","1562","5"
"2039","5","347","5"
"2040","6","893","5"
"2041","33","554","2"
"2042","122","1935","0"
"2043","64","601","1"
"2044","11","1104","4"
"2045","123","1587","2"
"2046","22","13","1"
"2047","104","564","5"
"2048","92","167","4"
"2049","109","267","1"
"2050","100","760","1"
"2051","98","552","0"
"2052","85","567","1"
"2053","58","1424","0"
"2054","11","1335","4"
"2055","31","1524","5"
"2056","77","1988","5"
"2057","28","544","0"
"2058","121","1584","3"
"2059","3","322","5"
"2060","39","157","0"
"2061","119","1107","1"
"2062","16","596","5"
"2063","88","1496","4"
"2064","150","1927","4"
"2065","64","1156","3"
"2066","41","64","5"
"2067","115","86","4"
"2068","53","599","3"
"2069","78","269","3"
"2070","101","1488","4"
"2071","87","1799","3"
"2072","39","133","0"
"2073","118","1639","5"
"2074","67","1673","4"
"2075","29","1199","1"
"2076","48","13","2"
"2077","126","1905","5"
"2078","87","1569","2"
"2079","148","1353","3"
"2080","145","709","4"
"2081","21","1703","3"
"2082","49","1747","3"
"2083","101","1200","2"
"2084","140","1452","3"
"2085","104","1585","5"
"2086","150","1473","4"
"2087","93","1447","4"
"2088","16","596","1"
"2089","90","279","3"
"2090","135","1087","1"
"2091","106","68","3"
"2092","82","1950","2"
"2093","136","1021","2"
"2094","80","323","1"
"2095","150","612","5"
"2096","47","380","4"
"2097","124","1637","0"
"2098","5","974","5"
"2099","100","857","4"
"2100","148","101","0"
"2101","138","490","5"
"2102","81","1403","0"
"2103","107","947","3"
"2104","52","410","4"
"2105","52","860","0"
"2106","71","1249","0"
"2107","100","940","5"
"2108","98","1217","3"
"2109","100","690","3"
"2110","119","1494","3"
"2111","132","335","5"
"2112","83","101","0"
"2113","0","418","3"
"2114","29","92","0"
"2115","114","1010","0"
"2116","94","1585","5"
"2117","15","924","3"
"2118","33","745","3"
"2119","117","481","0"
"2120","31","379","0"
"2121","111","1416","5"
"2122","129","1285","4"
"2123","71","1652","0"
"2124","63","1694","0"
"2125","103","62","2"
"2126","4","775","2"
"2127","125","1374","3"
"2128","16","930","1"
"2129","46","1106","1"
"2130","46","986","4"
"2131","17","1323","3"
"2132","5","579","4"
"2133","89","1500","2"
"2134","103","1386","0"
"2135","48","799","3"
"2136","39","1649","5"
"2137","55","1415","3"
"2138","13","732","3"
"2139","85","908","5"
"2140","67","1081","3"
"2141","68","1027","2"
"2142","38","452","1"
"2143","31","482","2"
"2144","43","690","1"
"2145","55","1817","5"
"2146","101","1056","1"
"2147","12","1144","0"
"2148","87","1720","1"
"2149","93","1553","1"
"2150","5","1824","3"
"2151","148","8","4"
"2152","32","1367","5"
"2153","1","688","4"
"2154","72","883","2"
"2155","118","674","1"
"2156","2","815","4"
"2157","8","1605","4"
"2158","100","570","3"
"2159","67","607","5"
"2160","133","1503","1"
"2161","71","883","0"
"2162","49","809","2"
"2163","56","760","3"
"2164","134","1052","0"
"2165","133","1203","4"
"2166","24","1410","1"
"2167","52","1710","3"
"2168","123","553","4"
"2169","59","1301","0"
"2170","21","805","4"
"2171","2","1491","3"
"2172","89","1309","4"
"2173","6","721","5"
"2174","11","990","0"
"2175","100","1744","5"
"2176","30","1402","1"
"2177","48","1583","4"
"2178","123","1916","5"
"2179","116","683","3"
"2180","50","152","3"
"2181","65","1280","1"
"2182","103","376","4"
"2183","8","273","3"
"2184","45","699","1"
"2185","46","1689","1"
"2186","70","1545","1"
"2187","115","136","2"
"2188","145","972","4"
"2189","141","1578","1"
"2190","29","1709","2"
"2191","75","551","4"
"2192","28","681","5"
"2193","94","465","2"
"2194","36","1644","2"
"2195","93","897","3"
"2196","129","424","0"
"2197","50","99","4"
"2198","61","51","2"
"2199","42","895","3"
"2200","136","163","5"
"2201","84","959","5"
"2202","123","589","2"
"2203","147","1901","4"
"2204","72","640","3"
"2205","102","1590","1"
"2206","137","859","4"
"2207","12","1984","2"
"2208","93","1028","2"
"2209","30","415","1"
"2210","124","1333","3"
"2211","119","1430","4"
"2212","59","1819","2"
"2213","79","866","3"
"2214","6","373","5"
"2215","50","1178","4"
"2216","52","362","1"
"2217","127","65","0"
"2218","38","1362","0"
"2219","16","672","2"
"2220","40","1760","0"
"2221","84","1575","4"
"2222","59","1854","4"
"2223","98","1014","1"
"2224","93","783","1"
"2225","133","876","1"
"2226","93","1104","3"
"2227","62","1565","4"
"2228","50","427","4"
"2229","56","1163","0"
"2230","109","429","2"
"2231","140","1784","3"
"2232","11","1651","1"
"2233","9","1918","5"
"2234","97","1225","3"
"2235","119","1059","0"
"2236","55","644","3"
"2237","39","1213","2"
"2238","112","1234","0"
"2239","110","579","3"
"2240","18","1642","1"
"2241","18","1067","1"
"2242","60","1609","1"
"2243","86","1195","0"
"2244","15","1182","5"
"2245","145","1425","1"
"2246","24","1873","2"
"2247","106","1714","3"
"2248","90","9","0"
"2249","84","1070","3"
"2250","140","337","5"
"2251","142","1708","5"
"2252","77","421","3"
"2253","117","1160","2"
"2254","32","938","1"
"2255","110","307","4"
"2256","104","1980","2"
"2257","142","1134","1"
"2258","73","1159","2"
"2259","70","495","3"
"2260","149","746","1"
"2261","129","1536","0"
"2262","33","568","5"
"2263","127","450","1"
"2264","142","320","5"
"2265","31","774","5"
"2266","42","995","1"
"2267","93","48","3"
"2268","119","365","5"
"2269","77","1977","2"
"2270","26","72","0"
"2271","24","1293","5"
"2272","4","1326","5"
"2273","0","1747","1"
"2274","60","847","0"
"2275","86","439","3"
"2276","56","1095","3"
"2277","114","1867","5"
"2278","147","1444","4"
"2279","21","1750","4"
"2280","10","1968","4"
"2281","131","1438","4"
"2282","33","1850","2"
"2283","82","1924","0"
"2284","138","1651","4"
"2285","100","511","4"
"2286","33","877","1"
"2287","33","771","3"
"2288","48","728","0"
"2289","3","1258","0"
"2290","12","641","3"
"2291","84","1764","1"
"2292","40","779","2"
"2293","42","232","5"
"2294","37","1430","4"
"2295","93","407","0"
"2296","70","1453","2"
"2297","126","1832","0"
"2298","51","509","0"
"2299","57","182","0"
"2300","119","736","5"