student_id,student_number,first_name,last_name,date_of_birth,address_id
1,2393256,Sarah,Rogers,2003-06-01,602
2,1845474,Daniel,Grimes,2003-11-15,375
3,5027421,Donna,French,2000-06-17,581
4,5031076,Ronnie,Costa,2001-09-12,1109
5,5055564,Nancy,Zuniga,2004-10-17,69
6,4120656,Haley,Sharp,2003-03-26,179
7,5355481,Chad,Ellis,2002-02-21,1375
8,1113935,David,Smith,2000-04-20,1281
9,5079884,Amy,Pope,2005-06-23,1553
10,9003908,Kimberly,Flores,2000-11-17,484
11,4617830,Kimberly,Floyd,1999-02-06,1862
12,61554,Kerri,Davis,2001-06-07,1612
13,738236,Timothy,Walker,2004-04-03,170
14,9951627,Steven,Oconnor,1999-06-18,398
15,8670619,Abigail,Price,2002-06-25,370
16,1980401,Pedro,Alvarez,2004-06-07,1395
17,5534204,Jessica,Foster,2001-06-20,1856
18,5829098,John,Jackson,2001-11-17,1048
19,2687849,James,Thompson,2004-11-12,1732
20,3066317,Jorge,Lewis,1998-11-21,710
21,1332171,Amanda,Gibson,2002-12-31,1575
22,4040380,Joseph,Garcia,2002-03-19,862
23,9140271,Benjamin,Hall,1998-10-14,284
24,376579,Amanda,Ross,1998-09-13,1733
25,5062220,Amanda,Carter,2002-11-16,1793
26,5380963,Richard,Moses,2006-04-24,1219
27,2072027,George,Landry,1999-02-01,1949
28,9079705,Kyle,Ryan,2002-07-21,364
29,4346411,Lisa,Steele,2006-05-19,1110
30,1703538,Eric,Cook,2001-05-14,1530
31,918102,Daniel,Shaw,2000-12-31,523
32,1052018,Kevin,Stone,1998-06-17,1154
33,309529,Lawrence,West,2005-06-12,3
34,5524747,Jacob,Morrison,2005-12-23,1361
35,3822252,Kristin,Thomas,1998-12-27,1201
36,7649797,Thomas,Bradford,2002-11-28,1165
37,9578162,Tyler,Cabrera,2003-10-20,703
38,1932716,Harold,Ray,2006-03-15,2001
39,7794505,Manuel,Clark,1998-08-13,766
40,3026586,Amy,Garcia,2001-07-19,220
41,3135172,Joyce,Bruce,2004-05-31,863
42,8812926,Mary,Rodriguez,2003-07-19,1140
43,7828167,Cynthia,Chambers,2006-01-15,932
44,5362936,Brian,Guerrero,2002-01-11,253
45,9862507,Benjamin,Washington,2003-09-09,1734
46,8162216,John,Vincent,2003-08-24,1960
47,6862846,Todd,Williams,2001-02-13,805
48,9701984,Robert,Brown,2003-08-04,1042
49,2104924,Zachary,Lee,2002-06-27,1880
50,8958465,Angel,Carlson,2005-12-25,1727
51,7473063,Heidi,Ross,1998-07-19,1748
52,1563495,Andrew,Berger,2001-11-01,1302
53,8331629,Alexander,Moore,1998-12-29,1375
54,1268648,Jennifer,James,2002-09-16,75
55,3863594,Andrea,Peters,2001-12-14,7
56,2574570,Angelica,Reese,2004-01-05,638
57,2061768,Daniel,Johnson,2006-02-13,1467
58,7023995,Shane,Evans,2003-10-19,2017
59,6641236,Paul,Nguyen,2001-07-09,2018
60,9452468,Eric,Miller,2000-05-14,645
61,2338167,James,Haley,1999-03-25,393
62,9651092,Allen,Garza,2003-05-13,1243
63,271951,Jacob,Moreno,2005-01-23,1499
64,9815590,Chris,Bright,2005-12-14,1090
65,5417497,Ashley,Andersen,2003-07-25,790
66,690246,Marissa,Webb,2004-01-23,1430
67,188237,Kim,Mendez,2003-08-09,469
68,479932,Bridget,Fields,1999-01-10,1828
69,2872398,Richard,Martinez,2006-01-22,37
70,6689399,Allison,Brooks,1999-07-12,507
71,9612560,Kelly,Smith,2001-09-14,814
72,1925020,John,Williamson,2005-12-30,1840
73,2061923,William,Estes,2000-04-05,1332
74,7184961,Sara,Wilkerson,2000-02-06,2002
75,821499,David,Bass,2005-10-29,2035
76,6176161,Garrett,Newton,2002-12-30,1674
77,1257294,Lisa,Lopez,2004-08-20,585
78,9076150,Travis,Harris,2000-03-26,902
79,6062607,Alex,Hinton,2006-01-21,145
80,3194235,Katelyn,Lara,1998-08-11,1236
81,8124522,Erica,Rosales,2006-04-10,472
82,6327893,Lisa,Garrison,1999-01-30,1215
83,2207382,Robert,Jones,2005-11-19,1026
84,645036,Michael,Wolfe,2002-07-23,1941
85,3551463,Ashley,Heath,2002-11-23,320
86,2858502,Matthew,Winters,2003-03-29,1762
87,3006787,Garrett,Spence,2002-01-23,229
88,6939367,Tiffany,Hinton,2003-12-27,1930
89,612648,Cynthia,Garza,2004-03-05,1258
90,2044242,Crystal,Sanders,2001-03-17,193
91,1162457,Cassandra,Barnes,2003-02-14,1031
92,6927296,Daniel,Price,2004-06-19,31
93,152341,Timothy,Rodriguez,2003-07-11,450
94,8827399,Brian,Cooke,1999-01-22,1596
95,8953865,Gregory,Tran,2002-03-28,1768
96,3158136,Jennifer,Fernandez,2001-03-01,1136
97,6709337,Jonathon,Kane,2005-11-22,1346
98,8758138,John,Black,2002-08-23,144
99,8791131,Michael,Hughes,2006-04-16,902
100,4722740,Kelly,Johnson,2005-08-31,1326
101,7803794,Robert,Davis,2003-05-16,1261
102,1241475,Ryan,Gill,1998-11-27,1047
103,7057858,Carolyn,Burton,2000-02-24,785
104,8788225,Justin,Nelson,2003-03-07,454
105,2278486,Derek,Alexander,2004-06-24,583
106,4016978,Robert,Johnson,2000-03-28,520
107,7724921,Chris,Padilla,2002-09-26,899
108,7723701,Matthew,Turner,2004-12-15,1690
109,8334832,Maria,Smith,2004-03-28,1947
110,228940,Stephanie,Burns,2002-06-01,1895
111,2983641,Bryan,Ellis,2001-11-05,1981
112,9597444,Juan,Wagner,2000-01-12,1213
113,7559621,Rhonda,Mayer,2005-07-12,1123
114,5491549,Maria,Davis,2003-05-13,1507
115,4274307,Larry,Higgins,2002-04-12,1492
116,287450,Elizabeth,Sampson,1999-11-22,211
117,1390685,Robert,Williams,2003-06-11,1224
118,2292249,Joshua,Johnson,2002-12-09,939
119,9554900,Brandy,Winters,2003-09-26,1438
120,7658446,Christopher,Sanchez,1999-10-10,86
121,8842988,Jessica,Torres,2003-01-12,583
122,6586754,Ryan,Warren,1998-09-15,1724
123,7134346,Michelle,Walters,2005-07-11,1078
124,4900198,Stacey,Frye,2003-06-16,284
125,7295067,Arthur,Wu,2001-03-02,1244
126,6550341,Todd,Kemp,2002-02-12,1539
127,8741678,Bradley,Schultz,2005-04-22,365
128,3363967,Janet,Robinson,2004-10-31,707
129,5505863,Tanya,Williams,2004-07-22,1996
130,3775363,Jerry,Porter,2002-04-07,406
131,6675305,Edward,Henson,2000-06-09,1107
132,7103539,Douglas,Salazar,2005-01-29,318
133,6726715,Courtney,Smith,1998-07-12,614
134,7374180,Michelle,Graves,2005-05-31,1417
135,5810248,Walter,Ballard,2003-02-12,840
136,3394531,Brandon,Mora,1998-10-11,1209
137,5108024,Erica,Ruiz,2000-10-16,661
138,6226489,Courtney,Evans,2005-06-10,1734
139,7173166,Sonia,Navarro,2005-07-14,817
140,2419071,Colton,Brown,2006-05-25,117
141,4751862,Christy,Yates,2003-12-17,629
142,971152,Cindy,Ferguson,2000-07-17,311
143,1586093,Brandon,Holmes,2004-03-15,1644
144,5474321,Julia,Davis,2000-08-01,983
145,2805488,Randy,Chen,2000-11-14,1641
146,4410186,Mary,Wilson,1999-06-10,1517
147,41210,Leah,Flores,2002-06-28,882
148,9599006,Peter,Griffin,2005-11-20,1031
149,202510,Tiffany,Lane,2000-02-20,598
150,4550940,Katie,Marshall,1998-12-07,1750
151,9741907,Amanda,Singleton,2001-08-20,847
152,8140564,Ronald,Barnett,2006-01-19,1782
153,4008916,Heather,Wood,2002-09-23,519
154,7390191,Joseph,Henry,2003-09-26,458
155,2681925,Christina,Branch,1999-12-25,56
156,625787,Marcus,Freeman,2000-10-08,532
157,3306361,Ronald,Robinson,2004-09-21,2030
158,9502534,Kristen,Abbott,2002-03-09,1442
159,6137250,Jessica,Francis,2006-03-03,297
160,5033137,Matthew,Hickman,2003-12-02,1676
161,9469396,Angela,Williams,2004-10-05,670
162,3854584,Amanda,Winters,1999-09-01,747
163,6258998,Jody,Vasquez,2003-08-13,212
164,104656,Elizabeth,Copeland,1998-06-25,1052
165,8991741,Rhonda,Johnson,1999-12-20,23
166,9067651,Jacqueline,Smith,2000-11-30,876
167,7108719,Philip,Nguyen,1998-12-03,398
168,9034034,Madison,Knapp,2003-04-02,1134
169,9331376,Ryan,Scott,2002-03-24,1135
170,832622,David,Vaughn,2003-12-23,1321
171,8256990,John,Lee,2002-05-18,1695
172,1684998,Alexandria,Gallegos,2003-06-18,1767
173,2926686,Cindy,French,2001-05-13,742
174,1507234,Rhonda,Browning,2004-02-12,243
175,2813981,Vanessa,Black,2006-05-17,290
176,7452311,David,Elliott,2003-05-08,266
177,1427898,Maria,Smith,2000-08-23,569
178,2619099,Jennifer,Adams,2000-05-21,791
179,6716743,Anna,Brewer,2001-11-06,959
180,1680558,Jamie,Bryant,2002-07-14,1483
181,193272,Thomas,Carr,2003-12-04,384
182,9170687,Sharon,Waters,2003-07-26,1255
183,6093899,Mary,Sims,1999-10-31,1020
184,6499717,Daniel,Kennedy,2000-07-30,973
185,2947213,Amber,Black,2002-07-31,1378
186,490336,Joshua,Dixon,2001-10-27,153
187,8631219,Kevin,Davila,2003-10-31,421
188,7320647,Kara,Powell,2001-12-27,1914
189,2014133,Jennifer,Landry,2000-02-16,814
190,8495916,Allison,Ashley,1999-11-24,343
191,6476549,Patrick,Bartlett,2005-02-20,1028
192,3790610,Mark,Wilkins,1998-11-16,123
193,2925838,Anna,Howard,1999-01-02,1058
194,9168017,Joseph,West,2003-08-20,9
195,5586552,Marc,Vargas,2004-04-27,1506
196,24803,Christian,Castillo,2003-02-02,460
197,3456032,Dakota,Simmons,1999-05-26,1796
198,2869715,John,Hicks,2004-10-31,1699
199,3579098,Lisa,Moore,2002-02-04,264
200,9800844,Gregory,Jenkins,1999-04-29,735
201,255492,Jeremy,Roberts,2000-08-23,1181
202,7825995,Ricardo,Hanson,2006-04-29,983
203,6663359,Patricia,Reed,2000-12-03,1055
204,2406320,Ruth,Pennington,2005-09-25,1614
205,3337655,Gabriella,Whitehead,2005-03-11,1272
206,2111919,Kyle,Harrell,2000-04-28,928
207,987240,Curtis,Hall,2000-11-28,535
208,8552828,Bethany,Dean,2000-12-30,507
209,630432,Amy,Ortega,2003-11-14,526
210,7271453,Emily,Hawkins,2006-02-23,1240
211,6342330,Amanda,Lewis,2000-11-20,527
212,9375178,Linda,Jackson,2003-12-15,1025
213,5497027,Kristen,Torres,2006-04-17,1752
214,6524023,Pamela,Gonzales,1999-04-04,766
215,9062464,Donald,Morrison,1998-12-13,1906
216,520273,Traci,Jackson,2006-05-12,1745
217,9046559,Larry,Cook,2003-05-26,1939
218,6388611,Dawn,Thomas,2000-07-24,1785
219,3923376,Kristen,Anthony,2001-03-08,758
220,945391,David,Nicholson,2003-10-04,1960
221,1438207,Norman,Rowe,2000-10-24,1495
222,459751,Natasha,Hernandez,2005-04-20,968
223,2102554,Nicole,Thompson,2001-12-11,1101
224,3592835,Megan,Gonzalez,2001-07-13,623
225,5417566,Sara,Taylor,2001-12-14,317
226,7664801,Crystal,Parks,2004-02-18,1214
227,2361316,Daniel,Lee,2004-04-16,1948
228,9262165,John,Dunn,1999-02-27,344
229,9260671,Thomas,Medina,2004-05-23,629
230,9514737,Thomas,Chan,2002-01-04,540
231,742524,Mark,Cole,2003-02-15,1464
232,1153054,Bruce,Chaney,2002-12-02,1230
233,7558043,Jennifer,Walker,1999-03-04,1482
234,3769645,Michael,Miller,1999-07-29,269
235,9358054,Tracy,Green,1999-11-01,1983
236,6942429,Nicholas,Rogers,2005-09-07,475
237,4538102,Jonathan,Smith,2002-02-19,96
238,2981314,Ricky,Baker,2002-02-02,187
239,2702763,Angel,Thompson,2005-09-29,1257
240,1281768,Joseph,Acosta,2003-07-13,1884
241,3791334,Meredith,Fry,2004-04-17,3
242,2294970,Lauren,Rhodes,2000-09-29,800
243,7477078,Veronica,Moran,2004-11-02,1548
244,251051,Daniel,Williams,2001-03-17,1357
245,7222140,John,Rivera,2001-09-26,330
246,933807,Rachel,Davis,1998-07-09,603
247,6865472,Cynthia,Heath,2005-11-14,1269
248,7770164,Gary,Ferguson,2005-02-04,1583
249,6469305,Amanda,Thomas,2005-07-21,1486
250,2607926,Charles,Wolf,2000-10-26,855
251,1067029,Michael,Haynes,2003-05-23,1467
252,7075456,Randall,Proctor,2003-08-16,1998
253,5448449,Ashley,Ford,2004-05-09,452
254,8259092,Daniel,Smith,2005-01-15,1532
255,1963931,Joel,Tran,2000-07-07,2044
256,7862056,Christopher,Barker,2005-08-07,1764
257,8425309,Robert,Scott,2005-08-24,451
258,9120365,Jonathan,Long,2006-05-22,306
259,5989229,James,Robles,2004-12-23,1077
260,5573946,John,Cooper,2001-11-12,1202
261,2861777,Kelly,Willis,2004-09-20,1952
262,5883622,Karen,Frank,2000-08-23,130
263,3417544,Wendy,Wallace,2005-03-23,493
264,5378680,George,Gould,2002-05-17,1641
265,9531022,Kara,Wilson,2002-02-06,315
266,1148398,Brittany,Olsen,2002-09-20,1134
267,1164892,Patrick,Shah,2004-07-26,792
268,8674088,Bradley,Ramos,2006-03-17,1572
269,4240426,Thomas,Quinn,2002-04-05,1242
270,3794620,Terri,Cowan,2002-07-10,451
271,9451754,Lisa,Marshall,2000-10-26,804
272,9242963,Devon,Fisher,2002-08-29,726
273,5524404,Anna,Hunter,2001-11-05,35
274,4425582,Nancy,Morris,2001-07-02,285
275,2760684,Sara,Rangel,2005-01-09,1305
276,5057221,Allen,Shaw,2004-03-18,96
277,4622004,Rebecca,Cain,2001-01-02,2040
278,9144786,Tanya,Scott,2003-10-09,440
279,3603879,Christopher,Chapman,2002-02-07,806
280,3372345,Jack,James,2001-01-17,558
281,6628282,Darren,Moore,2000-05-12,1530
282,2739262,Adam,Carroll,2001-09-11,1183
283,3579148,Anna,Chambers,2005-04-04,1057
284,1822552,Gregory,Huynh,1998-08-01,1503
285,4660323,Ivan,Anderson,1999-01-05,956
286,5057160,Alexander,Barry,2004-03-28,338
287,1078748,Cynthia,Bailey,2003-08-21,291
288,4969865,Michele,Pena,2004-09-14,15
289,3807923,Lacey,Copeland,2004-09-01,484
290,3788281,Juan,Brooks,2005-01-09,331
291,4992118,Rachel,Murphy,2002-11-24,1119
292,7378314,Kristin,Parker,2003-01-03,1251
293,1990245,Matthew,Davis,2006-02-05,1339
294,8786629,Frank,Moore,1999-11-22,912
295,4316096,Kenneth,Hurley,1999-11-03,113
296,9132122,Patricia,Brown,2000-11-18,1032
297,1246908,Michael,Martinez,1998-11-16,362
298,938437,Robin,Randolph,2002-07-13,1297
299,3556845,Alicia,Wells,2005-02-02,1255
300,4529343,Ricky,Flores,2001-05-07,331
301,8168078,Kevin,Munoz,2002-09-25,361
302,7487059,James,Baker,2004-08-08,1784
303,529240,Susan,Armstrong,1999-02-09,1400
304,686321,Brian,Fox,1998-11-15,104
305,7965348,Joseph,Hart,2006-05-17,1986
306,4617551,Dawn,Finley,2004-10-31,944
307,4536126,Erica,Cox,2002-05-22,1997
308,4526078,Jennifer,Silva,2000-11-24,1146
309,9350037,Bonnie,Vazquez,2003-04-21,2042
310,5308791,Joy,Cole,1999-04-25,1294
311,2728746,Raymond,Sanders,1999-04-02,1549
312,4193799,Todd,Reynolds,2005-11-16,1985
313,3956246,Gina,Marsh,2001-12-22,738
314,4789174,Kathy,Tucker,2000-07-25,779
315,2792506,Stacy,Palmer,2005-12-13,302
316,5782859,Patrick,Meyer,1998-10-05,71
317,987598,Alicia,Williams,2001-01-16,1499
318,9682575,Keith,Dean,2004-07-27,2042
319,2813729,James,Hernandez,2003-01-23,1349
320,7079794,Robert,Rangel,2001-01-18,1386
321,5633626,Joyce,Bowen,2001-12-02,580
322,5521813,Mary,Shelton,2001-10-18,1737
323,2135971,Whitney,Petersen,2002-10-04,1733
324,1241192,Chelsea,Lowe,1999-10-21,1737
325,949270,Courtney,Gilbert,2000-07-12,708
326,4672906,Austin,Gomez,1999-06-17,275
327,2596475,Annette,Miller,2004-03-02,893
328,9361424,Trevor,Singh,2002-03-21,1791
329,4755887,Timothy,Harper,1999-08-09,1711
330,8492739,John,Brown,2000-03-11,788
331,7802062,Mary,Lewis,2002-04-17,1351
332,9099098,Lauren,Hill,2003-06-27,894
333,2636395,Juan,Huang,1998-12-26,1818
334,1395348,Leonard,Smith,2006-04-24,1687
335,7013648,Tiffany,Dennis,2003-03-02,532
336,8307837,Charles,Horton,2001-12-12,869
337,9706191,Mario,Porter,2005-02-21,1893
338,7516875,Karen,Smith,2001-02-23,1649
339,7731698,John,Hart,2004-09-20,271
340,6466313,Patricia,Howard,2000-03-14,67
341,2310008,Jeremy,Wood,2006-04-07,191
342,7174632,Randy,Rangel,2003-11-25,1630
343,1131778,Kenneth,Lopez,2000-01-10,266
344,5058178,Ana,Jarvis,2000-04-03,1378
345,6479869,Brenda,Poole,2004-02-16,125
346,5875278,Nicole,Gonzalez,2001-07-05,770
347,8964510,David,Rodriguez,2000-01-09,1911
348,6928632,Leonard,Henry,2004-02-04,739
349,4041393,Katie,Neal,2000-10-12,666
350,6722592,Michelle,Mcclain,1999-07-10,581
351,6979417,James,White,2003-01-21,489
352,9161004,Anthony,Kim,2003-12-28,813
353,7878222,Joshua,Steele,2005-05-15,1192
354,4524655,Wendy,Brown,2002-01-20,989
355,7267630,Dawn,Nicholson,2004-02-17,1194
356,671383,Parker,Miller,2000-12-07,1213
357,2726614,Ashley,Henderson,2003-02-06,2011
358,1513774,Denise,Bass,2003-12-10,1774
359,2810992,Erin,Davis,2001-02-23,533
360,4210842,Linda,Davis,2003-02-27,441
361,8254352,Brian,White,2002-02-07,117
362,7696940,Shawn,Hanson,1999-06-22,2021
363,1715164,Rose,Perry,2003-08-28,1321
364,8630135,Justin,Branch,2003-04-12,431
365,9579562,Pamela,Richards,2000-02-25,1691
366,4398236,Justin,Valencia,2002-03-21,1929
367,4512918,Robert,Smith,2002-06-20,370
368,5495042,Amber,Gregory,2002-05-23,1702
369,4925842,Christopher,Brown,1999-12-14,1950
370,6701781,Heather,Dunn,2005-10-30,1448
371,7913672,Robert,Brown,2002-04-26,693
372,1373984,Vanessa,Lee,2005-04-27,1861
373,3743514,Carol,Scott,2005-01-28,263
374,2247513,Julia,Johnson,1999-02-23,1023
375,2068389,James,Anderson,2004-06-20,1439
376,168336,Brittany,Simon,2002-07-03,284
377,9780359,Michael,Nelson,2003-01-07,293
378,645040,Maureen,Estrada,2006-02-01,1468
379,5785194,Lindsey,Gregory,2003-02-16,1796
380,580777,Paul,Tate,1999-09-02,1156
381,7851431,Stacy,Bautista,2001-07-19,1984
382,241389,Julie,Moyer,2003-04-02,1931
383,5736916,John,Brock,1998-08-01,134
384,3418427,Nicholas,Singh,1999-08-15,155
385,3051261,Karen,Barnett,2002-08-13,671
386,9335242,Troy,Leon,2003-07-03,381
387,1208563,Sarah,Allen,1999-02-03,866
388,1377743,Henry,Boyd,1999-01-12,1779
389,6165076,Kendra,Howell,2004-04-28,1291
390,3143065,Richard,Herrera,2003-01-09,707
391,6759214,Jeremiah,Love,2006-03-29,627
392,237094,Regina,Castillo,1999-11-04,464
393,8261021,Benjamin,West,2004-01-22,210
394,2811189,Christine,Gutierrez,2001-10-05,624
395,1608326,Andrew,Kelly,2003-11-04,1799
396,6549202,Terry,Allen,2004-09-28,871
397,4204271,Kathryn,Thompson,2003-05-01,1017
398,1919646,Ralph,Nelson,1998-11-21,1904
399,7771963,Joseph,Ramirez,2001-03-02,774
400,5504232,Lori,Lawrence,2001-04-15,675
401,2558041,Sean,Ramsey,2005-10-26,675
402,8071204,Jody,Robertson,2003-11-05,794
403,9827906,Bryan,Farrell,2000-03-11,820
404,6082889,Erica,Hernandez,1998-09-09,540
405,1644385,Scott,Vargas,2003-05-27,487
406,1955913,Zachary,Wong,2005-04-12,2034
407,3067957,Jerry,Goodwin,2006-01-09,1306
408,8048376,Cynthia,Anderson,2004-10-01,982
409,2382903,Kimberly,Massey,2000-07-14,1222
410,7221675,Robin,Jones,2005-08-01,499
411,4124431,Holly,Lopez,2001-08-22,345
412,8556193,Mason,Stevens,2001-06-25,355
413,725088,John,Scott,2001-11-01,880
414,2977513,David,Fernandez,2005-12-01,866
415,1569965,Christina,Ramos,1999-02-11,1581
416,6858499,Rebecca,Pugh,2006-05-15,1344
417,7680648,Cassandra,Gardner,2004-12-16,2044
418,4106814,Paul,Gomez,1999-04-02,1948
419,153327,Malik,Moss,1998-07-13,1319
420,7266711,Kelly,Tapia,2001-03-27,56
421,8714417,Sean,Watson,2004-09-12,548
422,1646491,Michael,Bradshaw,2006-02-18,169
423,5565929,Kyle,Conner,2003-11-07,1351
424,9197567,Juan,King,2005-10-18,87
425,3580495,Richard,Garcia,1999-01-01,1175
426,1141430,Dean,Krueger,2004-08-25,1764
427,5501259,Jonathan,White,1999-09-29,1076
428,6129339,Paul,Lambert,2005-07-08,1537
429,9957698,Jacob,White,1999-09-04,1507
430,8684599,Donna,Sutton,2004-06-02,481
431,4810066,Jennifer,Villa,2002-02-13,1257
432,3981345,Jasmin,Torres,2006-01-13,1364
433,9744825,Vanessa,Anderson,2001-04-03,1918
434,3962013,Joel,Holland,1999-03-29,189
435,2735414,Aaron,Bishop,2002-08-15,1452
436,2336876,Robert,Smith,2006-01-23,1351
437,7069741,Amber,Roach,2001-06-10,1001
438,8452898,Rhonda,Houston,1999-11-16,856
439,4615653,Kyle,Fischer,1999-08-09,1038
440,2629831,Jeremy,Washington,1998-11-17,800
441,9833858,Abigail,Irwin,2004-05-12,1485
442,7328165,Brandon,Robinson,2003-10-02,882
443,5790910,Carrie,Smith,2004-05-11,1324
444,8993052,Jeremy,Marquez,2000-12-01,34
445,5855822,Molly,Barnes,2004-03-28,701
446,4285423,Samantha,Clark,2006-01-20,284
447,7573404,Jamie,Harrison,1999-05-30,215
448,5034664,Kristen,Chandler,2005-05-12,779
449,2836216,Valerie,Li,1998-08-03,63
450,6476115,Cindy,Briggs,2002-07-06,531
451,4314637,Joshua,Ramsey,2005-01-07,518
452,7039249,Darin,King,2002-01-09,278
453,5245435,Troy,Gordon,1998-08-02,642
454,2601720,Michael,Greer,2005-02-09,1387
455,3732083,Nicole,Martin,2005-08-08,21
456,4443607,Jessica,Willis,2004-04-28,1833
457,6973520,Sarah,Hill,2000-01-19,1023
458,8928730,Kelly,Armstrong,2004-04-04,712
459,6662688,Daniel,Dean,2003-10-18,975
460,5382913,Keith,Williams,2002-11-23,1781
461,4749396,Damon,Hunter,2004-04-12,896
462,1085429,Joshua,Roy,1999-08-19,714
463,3142301,Nichole,Carter,2001-02-12,561
464,2882852,Blake,Baker,2005-10-17,81
465,361531,Kathryn,Williams,1998-12-04,534
466,6197441,Robert,Lucero,2004-10-16,503
467,1691395,William,Mccullough,2004-08-29,398
468,9367828,Regina,Conway,2006-01-24,1738
469,6540856,Brandon,Rodriguez,2002-12-30,218
470,4271801,William,Kelley,2002-12-24,1559
471,180571,Brad,Clark,2005-11-04,1709
472,3976315,Natalie,Carpenter,2002-01-12,892
473,9645723,Michelle,Dunn,2006-02-01,1945
474,2642874,Michael,Moore,2000-03-28,263
475,8295337,Matthew,Tate,2005-02-04,1073
476,1234955,Kenneth,Anderson,1998-07-15,1386
477,2334270,Elizabeth,Lamb,1999-05-16,63
478,1736452,Crystal,Williams,1998-08-21,172
479,6616374,Dawn,Thomas,2004-04-23,955
480,879924,Elizabeth,Prince,2002-01-01,1281
481,733747,Bridget,Love,2001-10-14,980
482,1696324,Joshua,Romero,2002-03-09,31
483,720406,Julia,Mccarthy,2000-07-18,1979
484,9501081,Haley,Green,2005-07-17,2037
485,8631773,Erica,Ruiz,2000-09-10,201
486,1444845,Melissa,Becker,1999-07-10,644
487,3262083,Christian,Lewis,1999-11-26,546
488,9678374,Courtney,Wilson,2004-08-15,899
489,559691,Christopher,Lee,2006-02-01,515
490,8136400,Brian,Rodriguez,2004-03-04,678
491,1385319,Cynthia,Stevens,2002-06-11,1096
492,214098,Kristina,Flowers,2003-11-30,660
493,6806970,Hannah,Martinez,2001-10-28,635
494,8983460,Matthew,Schroeder,2001-10-27,214
495,4142683,Andre,Banks,2001-07-11,1877
496,716529,April,Riley,2005-03-11,450
497,6051302,Maureen,Farrell,1999-11-24,188
498,6294078,Ann,Chambers,2001-12-15,217
499,5813671,Michelle,Esparza,2003-05-01,1001
500,7542555,Jonathan,Rivera,2000-08-28,1764
501,1289940,Kevin,Chandler,1998-09-12,464
502,221820,Amber,Marks,2005-08-23,1060
503,9266568,Ashley,Berger,2004-04-16,961
504,4541144,Kenneth,Finley,2002-06-23,625
505,7675120,Keith,Camacho,2003-12-23,708
506,981020,Tammy,Garcia,1999-02-13,1393
507,4632305,Johnathan,Banks,2000-09-30,1874
508,1037618,Nicole,Knight,2005-02-09,570
509,5625811,Crystal,Hernandez,2003-02-13,1578
510,1006299,Melissa,Love,2004-04-07,1865
511,850507,Samantha,Tanner,2005-01-18,176
512,8862539,Erica,Webb,2002-04-07,1268
513,891893,Mary,Luna,2000-09-01,1888
514,2596772,Marissa,Garza,2005-07-25,1971
515,2292276,Emily,Hawkins,2005-01-22,1314
516,7904142,Peggy,Morgan,2004-06-20,917
517,3273461,Alex,Snow,2001-12-28,1233
518,9820359,George,Mccarthy,2005-01-19,476
519,4471570,Shirley,Olsen,2004-12-21,1967
520,4312634,Mary,Miranda,2000-08-09,735
521,7501482,Tanner,Moore,2000-12-19,780
522,8697009,Stephen,Cunningham,1998-06-22,759
523,3864537,Susan,Martin,2002-10-04,1410
524,7409404,Alexandria,Walsh,2003-05-08,952
525,1884784,Justin,Eaton,1998-09-09,1015
526,6534535,David,Campos,2002-02-02,1633
527,5367042,Patrick,Stokes,1999-05-09,1990
528,3070913,Megan,Mccoy,2006-03-07,539
529,9295232,Makayla,Schultz,1998-12-21,894
530,5421442,John,Kelly,1999-08-20,798
531,7560649,Alexander,Riggs,2003-05-19,1429
532,8478419,Lisa,Patterson,2003-01-02,1816
533,3957092,Jessica,Miles,2004-09-16,458
534,4278292,Andrew,Martin,2002-12-03,393
535,3609576,Jacqueline,Buckley,1998-07-24,2022
536,2370705,Alexis,Stewart,1998-10-13,302
537,1676262,Ralph,Davis,2001-12-29,680
538,9237841,John,Horton,2002-07-20,1728
539,8845053,Sonia,Smith,2003-07-25,248
540,5666836,Kathleen,Bonilla,2000-04-24,19
541,8875876,Brooke,Huynh,1999-10-17,1539
542,5877257,Regina,Hood,2003-03-05,1378
543,7083855,Rebecca,Braun,1998-08-20,1237
544,3019404,Kevin,Kane,2006-02-25,361
545,8219835,Jamie,Robertson,1999-08-17,1147
546,8042811,Eric,Watson,2005-01-04,1507
547,2033918,Jessica,Moore,2006-04-18,2029
548,1064225,Amy,Woods,2000-10-06,261
549,2775276,John,Fry,2003-09-08,1733
550,341788,Jessica,Long,2002-06-30,1607
551,1987731,Kevin,Hoffman,2006-04-14,880
552,4473907,Kyle,Rice,2002-07-03,81
553,1287388,Jonathan,Austin,1999-05-08,1003
554,796908,April,Winters,2001-11-03,1791
555,7071490,Anthony,Hodges,2002-05-25,1219
556,6101023,Michelle,Hebert,2002-06-06,1524
557,883788,Valerie,Bradley,2000-03-30,1874
558,5084307,Phillip,Khan,2001-07-08,1581
559,4511422,Nathaniel,Juarez,2002-08-14,363
560,7338414,Randy,Jefferson,1999-12-31,1179
561,3293185,Jacqueline,Robinson,1998-07-17,929
562,18380,Jason,Rodriguez,2006-02-12,1961
563,4455851,Mary,Mills,2005-07-28,1115
564,4585701,Bruce,Novak,2000-01-06,1307
565,245899,Jessica,Wang,2003-02-20,878
566,3498428,Joseph,Nelson,2001-07-24,1079
567,5742402,Kyle,Flores,2002-04-18,1697
568,3245099,Michael,Lee,2000-03-26,1561
569,6039364,Ashley,Holloway,2001-07-26,1605
570,7400377,Matthew,Cole,2001-10-29,1654
571,1684648,Richard,Mitchell,1999-10-13,745
572,7703809,Cody,Harrison,2000-11-21,1695
573,2793514,John,Potts,2003-02-02,874
574,7560021,Anne,Lopez,2003-08-09,2032
575,8853443,Stephanie,Ramsey,2001-03-03,595
576,6811147,Angela,Parker,1999-02-11,1579
577,4839323,Paige,Medina,2001-03-21,967
578,8939555,Laura,Hamilton,2000-02-20,1649
579,4358938,Amy,Hansen,2002-02-26,111
580,4434503,Matthew,Stewart,2000-03-10,1669
581,7963900,Christopher,Huynh,1999-05-21,2014
582,889460,Charlotte,Faulkner,1999-09-20,1087
583,4688885,Jonathan,Russell,2003-03-05,176
584,1414466,Kimberly,Moody,2003-10-07,1571
585,1729943,Amanda,Gordon,2004-08-01,1954
586,2836289,Sherri,Holmes,2001-09-27,1607
587,2976928,Richard,Skinner,2002-07-24,1897
588,2397285,Caroline,Mcdonald,2003-12-21,1081
589,2895547,Katie,Arnold,2005-08-17,1955
590,8646483,Desiree,Dean,2004-02-07,393
591,5506460,Laura,Jefferson,2000-07-13,1249
592,8974470,Carla,Griffin,2001-11-17,81
593,3933065,Stephanie,Cannon,2002-12-18,1107
594,6687948,Brenda,Price,2000-11-13,259
595,3126875,Larry,Montgomery,2002-09-22,603
596,6058753,Peter,Anderson,2004-11-22,1234
597,5678815,Cynthia,Frost,2004-08-04,653
598,752719,Garrett,Carter,2003-11-25,1935
599,1320641,Robert,Gomez,2001-11-21,1254
600,7599,Timothy,Perez,2002-08-15,1955
601,4111006,Henry,Gould,2004-11-08,1968
602,5694920,Fernando,Drake,2002-01-29,374
603,6087082,Robin,Long,2001-08-28,1414
604,1759590,William,Munoz,2002-08-05,1225
605,5322973,Kenneth,Walters,2001-03-30,1638
606,7553288,Sarah,Sullivan,2006-02-11,2030
607,5246969,Holly,Simmons,2000-06-18,1130
608,6578077,Christopher,Guerrero,1999-09-11,505
609,5701816,Kenneth,Moore,1999-10-06,329
610,7164297,Jonathan,Jones,2000-05-27,564
611,4866327,Brittany,Hopkins,2005-05-05,1752
612,90124,Kathleen,Washington,2004-05-21,991
613,4672649,Christian,Armstrong,2002-01-29,846
614,8641564,Claudia,Tate,2002-06-09,665
615,7827215,Jennifer,Lucas,2001-10-08,624
616,8656142,Christina,Avery,2000-01-24,1989
617,2887380,Sarah,Jones,2002-04-04,1523
618,3188292,Alexis,Williamson,2006-01-06,803
619,9452295,Corey,Murray,2004-06-16,360
620,3501969,Thomas,Everett,2003-10-31,1341
621,290299,Wanda,Curry,1999-06-01,730
622,7286726,Nicole,Byrd,2005-10-20,524
623,9151888,Richard,Zuniga,2004-12-29,1792
624,5481074,Chad,Hudson,1999-03-30,566
625,3190440,Elizabeth,Hogan,2003-08-06,1762
626,9295620,Samantha,Jones,2003-03-02,1905
627,7663474,Robert,King,2002-06-20,1131
628,9567633,Anthony,Walker,2002-09-13,2000
629,8124105,Laurie,Shields,2004-02-27,683
630,5984747,Jasmine,Butler,2001-08-13,797
631,1399876,Jacob,Norris,2005-11-06,1749
632,7471706,Morgan,Cooper,2002-03-11,791
633,8721693,Jesse,Woodward,2002-07-28,667
634,8602780,Sean,Romero,1998-06-28,1866
635,3342890,Julie,Reese,2006-04-07,1911
636,5783054,Victor,Estrada,1998-07-21,1869
637,6414610,Brandon,Bailey,2004-03-06,1547
638,8111321,Kathy,Sharp,2001-05-23,1714
639,4544549,Edward,Murray,2005-12-21,366
640,9673738,Michael,Robinson,2002-11-17,123
641,6026056,Philip,Clark,2005-11-24,1850
642,3349402,Lisa,Riddle,2006-04-22,1421
643,2399143,Lisa,Morgan,2001-02-01,709
644,4271209,Tim,Mccoy,2000-04-29,624
645,1366508,Robert,Cruz,2005-11-29,284
646,1273446,Mitchell,Walker,2003-07-08,1667
647,8190095,Lindsey,Clements,2002-03-05,1016
648,4310937,Sandy,May,1998-06-29,1036
649,4994358,Jennifer,Baker,1999-08-09,621
650,177878,Dawn,King,2000-08-22,339
651,4938002,Amy,Hudson,2005-05-01,827
652,4171805,Benjamin,Thomas,2002-03-17,308
653,4259457,Bailey,Oconnor,2001-07-14,1266
654,7289246,Jason,Rosales,2001-01-09,961
655,4124694,Allison,Long,2000-02-25,1926
656,3981926,Collin,Martin,2005-05-24,1303
657,2956704,Nancy,Smith,2006-03-12,1524
658,8036784,Crystal,Nguyen,2000-09-17,277
659,6656257,Kevin,Rivera,1999-08-28,1230
660,361100,Sonia,Sosa,2005-05-16,1655
661,8512212,James,Snyder,2000-09-13,739
662,9370541,Edward,Hunt,2000-03-22,794
663,7033053,Tyler,Thompson,2001-11-07,2015
664,1526865,Brady,Morton,2001-02-02,1664
665,7778961,Aaron,Casey,2000-12-22,1681
666,2694451,Jessica,Tate,2002-06-03,652
667,7454939,Michael,Gross,2003-03-05,1649
668,2872530,Jenna,Humphrey,2002-03-21,1798
669,3780557,Steve,Wilson,2000-10-06,233
670,5721064,Stephanie,Singh,2000-11-30,1469
671,1009323,Lance,Brooks,1998-08-11,1473
672,6947765,Melanie,Ross,2002-06-03,1893
673,2304080,Amber,Davis,2003-01-25,661
674,3986777,Eileen,Carter,2005-04-12,1883
675,6764279,Travis,Thompson,1999-12-17,886
676,3182164,William,Harris,2004-04-22,186
677,5756187,Cody,Mccoy,2001-07-14,387
678,4858952,Charles,Thomas,2000-02-09,1368
679,7818709,Charles,Sanders,2002-04-27,1875
680,6493597,Danny,Vaughan,2006-05-25,597
681,6295497,Debra,Gardner,2003-03-05,966
682,8812463,Donna,Taylor,2005-01-20,826
683,751670,Craig,Green,2005-03-09,1934
684,637869,John,Newton,2000-07-27,352
685,1423723,Thomas,Hayes,1998-09-14,1364
686,3405753,Abigail,Lopez,2003-10-23,831
687,1119177,Donald,Jones,2001-12-31,1843
688,5069639,Jennifer,Martinez,1999-11-26,742
689,4362550,Ronald,Hayes,2004-08-02,1452
690,6548018,Edward,Pruitt,2006-01-20,473
691,9416499,Charles,Williams,1999-03-27,321
692,4592157,Michael,Williams,2002-08-31,806
693,4323539,Mark,Gibson,2003-02-12,2023
694,7606058,Melissa,Lawson,2005-09-25,1053
695,6813642,Kimberly,Smith,2005-01-09,1845
696,1761169,Savannah,Taylor,2004-02-17,78
697,6442905,Mercedes,Weaver,1998-09-11,937
698,3608848,Victoria,Williams,2004-07-15,1190
699,1681947,Haley,Johnson,2001-06-15,1566
700,7002158,James,Smith,1999-12-01,1244
701,6153170,Vickie,Stewart,2001-12-03,729
702,101970,Destiny,Stephenson,2004-09-10,1880
703,8188310,Kevin,Daniels,1999-01-16,331
704,4475058,Allison,Alvarez,1999-11-22,1268
705,5787952,Alicia,Maynard,1999-07-04,127
706,7859083,Erin,Perez,2000-08-08,863
707,9640643,Michael,Davidson,2001-08-20,238
708,2700127,Grace,Franklin,2002-07-10,83
709,1203253,Cynthia,Peters,2003-08-08,1499
710,5604905,Ronald,Barry,2001-06-10,405
711,8121575,Donald,Logan,2004-03-22,1303
712,1620920,Robert,Williams,2004-11-25,1293
713,7471095,Denise,Watkins,2002-07-04,689
714,2916904,Charles,Hernandez,2000-05-12,1726
715,3872931,Rachel,Parks,1999-05-30,1430
716,1836137,Jorge,Steele,2001-04-27,271
717,4559763,Zachary,Austin,2004-07-31,1125
718,3025203,Heidi,Diaz,2001-11-21,1642
719,6583657,Elizabeth,Taylor,2005-06-04,607
720,2254459,Amanda,Valencia,2001-05-04,647
721,1052662,Stephen,Olson,2001-07-19,1401
722,8980730,Daniel,Black,2002-02-06,1195
723,502626,Cynthia,Casey,1999-07-25,225
724,9933837,Anthony,Roth,2004-08-11,773
725,5272006,Roberta,Lewis,2005-11-12,934
726,8249676,Jessica,Keller,1998-12-19,1662
727,2334944,Alan,Davis,2005-01-20,505
728,1725927,Carl,Mcdaniel,2005-05-22,1810
729,8149416,Charles,Johnson,2002-07-18,1089
730,9279374,Ryan,Williams,2003-07-29,1444
731,9735147,Robert,Sanchez,2003-10-17,1877
732,4611841,Joseph,Mckinney,2001-05-29,118
733,4478820,Jennifer,Burke,2004-08-18,44
734,8820041,Jared,Nelson,2004-06-12,1158
735,4352348,John,Sims,2001-03-09,1520
736,1068414,Amber,Hall,2004-09-30,1639
737,4283914,Tonya,Bradford,2000-02-09,1933
738,4119851,Stephanie,Munoz,2002-12-19,1698
739,286230,Jeffrey,Montgomery,2003-09-24,982
740,3482475,Elizabeth,Williams,1999-10-02,80
741,4267700,William,Smith,2000-02-14,326
742,2358220,Danielle,Smith,2002-10-04,1728
743,3574852,Angela,George,1999-04-27,1031
744,2039110,James,Miller,2001-08-09,1312
745,9201588,Manuel,Cochran,1998-09-29,891
746,4110161,Adrienne,Klein,2001-07-12,158
747,3651324,Brendan,Beck,2001-02-02,874
748,2688403,Jason,Perkins,2002-06-30,732
749,4679201,Tina,Schwartz,1998-10-12,614
750,1999863,Laura,Pennington,2005-10-28,128
751,8453057,Albert,Foster,2001-10-09,344
752,9238630,Aaron,Norris,2000-12-24,986
753,7844843,Michael,Schneider,2006-03-12,1400
754,4425406,Valerie,Carney,1998-06-04,1348
755,5633773,Christopher,York,2001-07-01,688
756,5483347,Ernest,Lamb,2004-02-18,1332
757,5168590,Wayne,Evans,2002-05-07,1587
758,6487155,Jason,Gibson,1999-05-01,917
759,9211393,John,Jones,2004-09-20,1062
760,2376946,Charles,Crosby,1999-09-13,1016
761,3522325,Samantha,Norris,2002-04-01,926
762,6115784,Shannon,Cooper,2004-10-09,343
763,6668125,Andrew,Thompson,2003-01-25,1769
764,1566613,Jerry,Scott,2004-01-12,710
765,2136225,Pamela,Powell,1999-07-29,738
766,7007354,Tammy,Davis,2000-10-18,1111
767,5298215,Michael,Benjamin,2005-04-07,1742
768,1794059,Carlos,Price,2000-01-13,1040
769,2559882,Melissa,Quinn,2003-01-26,197
770,9740714,Jessica,Torres,1999-10-14,1328
771,5676710,Alexandra,King,2001-09-19,790
772,5202064,Frank,Crawford,2003-06-10,434
773,5068488,Mark,Lucas,2002-04-06,354
774,6257683,Tina,Gilbert,2003-01-20,791
775,5966028,Anita,Silva,1999-01-03,1424
776,8718056,Robert,Terry,2002-10-21,1717
777,1522015,Alexandra,Horne,1998-10-18,348
778,4048851,Krystal,Russell,2001-03-24,336
779,1630038,Michael,Hall,2005-08-31,102
780,1490424,Angela,Palmer,2001-11-16,1726
781,2470177,Susan,Bell,2001-09-12,1048
782,229758,Brenda,Miller,2000-05-27,1186
783,7575125,Brian,Keller,1999-06-17,1361
784,1037136,Brooke,Castillo,2002-09-01,973
785,5598376,Jonathan,Pratt,1999-06-01,1631
786,290687,Stephen,Wilson,2002-12-26,1013
787,4469059,Allen,Wilson,2003-07-03,1412
788,1345990,Kristen,Lee,1999-07-10,1869
789,1212548,Jessica,Hernandez,1998-10-27,392
790,322750,Linda,Guzman,2003-04-11,1640
791,7336401,Wanda,Harrison,2003-05-11,1398
792,2033378,Jodi,Russell,2005-12-06,1627
793,6726596,Miguel,Johnson,1998-12-07,1868
794,5541788,Rick,Zhang,2004-09-21,819
795,411154,Ronald,Cortez,2005-10-22,1688
796,616285,Brittany,Houston,2003-08-05,155
797,63636,Kelly,Ferrell,2000-11-29,321
798,5977657,Jason,Thompson,1998-11-20,2016
799,9867432,Joseph,Stark,2005-03-22,1466
800,5788444,David,Jones,1998-07-07,897
801,1747960,Sandy,Sweeney,2004-07-15,1774
802,8745585,Ryan,Donovan,2004-08-14,254
803,4235185,Paul,Williams,2004-03-07,304
804,806306,Lindsey,Knox,2006-02-01,780
805,7037382,Katherine,Harris,2002-03-14,1272
806,5632484,Erica,English,1999-05-16,239
807,9708915,Andrew,Ibarra,1998-11-07,667
808,7332993,Brian,Mcdonald,2000-04-03,605
809,3302772,Allen,Morgan,2006-04-10,1397
810,8747161,Harold,Wright,2002-07-05,781
811,2815516,Nicholas,Brown,1998-11-22,1091
812,7731925,Janet,Allen,2003-11-27,914
813,1597154,Tiffany,Valencia,2002-11-12,782
814,720191,David,Cannon,1999-08-22,400
815,4038560,Diana,Moore,2001-06-18,1648
816,9509902,Sharon,Nichols,2005-03-03,1141
817,111709,Sonya,Harmon,1998-06-28,962
818,2494526,Kristen,Gomez,1998-09-13,1415
819,4319862,Ricardo,Holden,2000-09-04,780
820,3232300,John,Miller,2005-03-03,1156
821,2735273,Kiara,Jones,2001-01-10,1755
822,6026698,Bradley,Hines,2002-02-16,1444
823,4945856,Michelle,Williams,2005-07-29,880
824,5569624,Lindsay,Whitaker,2000-06-19,301
825,8573411,James,Garcia,2005-07-15,108
826,6981887,Brett,Mosley,2000-03-22,1894
827,9851668,Johnny,Coleman,2000-02-26,730
828,5155146,Laurie,Mcgrath,1998-11-03,177
829,3406620,Brenda,Thompson,2005-09-09,156
830,9425515,Joseph,Murillo,2003-04-22,1936
831,7064043,John,Costa,2000-02-14,171
832,3314492,Shane,Sullivan,2004-11-10,1739
833,8746538,Sabrina,Diaz,2003-03-31,727
834,4454207,James,Snyder,1998-08-20,1695
835,407967,Melissa,Ferguson,2002-01-02,905
836,9944416,Felicia,Howell,1999-09-22,1636
837,556108,Jennifer,Cook,1998-06-28,1038
838,6747932,Lawrence,Smith,2001-04-06,1838
839,5077420,Arthur,Santos,1998-10-14,1441
840,6442274,William,Anderson,1999-04-25,904
841,4152425,Andrew,Davidson,2005-12-25,555
842,7870839,Elizabeth,Daniels,1999-02-05,130
843,4990780,Joe,Estrada,2000-05-01,1165
844,5056272,Julia,Velasquez,1999-05-19,1814
845,8008879,Bryan,Rodriguez,2005-07-04,784
846,2225327,Laura,Moreno,2002-10-31,1318
847,8267373,Jacob,Steele,1999-12-22,1048
848,5466590,Spencer,French,2000-05-23,204
849,1758222,Sue,Parker,2004-03-08,1260
850,7045985,Tricia,Davis,1999-01-18,1733
851,4007219,Anthony,Smith,2002-02-20,550
852,9131839,Daniel,Mckay,2003-09-15,480
853,9392624,Brandon,Carr,2005-12-10,1194
854,939187,Kathleen,Dawson,2000-04-03,1524
855,5952774,Lee,Glenn,1998-08-01,109
856,329224,Tiffany,Ritter,2001-01-26,316
857,9951843,Brianna,Mercado,2004-06-04,178
858,6911064,Emily,Mendez,2000-05-20,760
859,3652164,Jennifer,Hoover,2004-07-22,1465
860,2865352,Christopher,Boyle,2001-02-02,1935
861,8499882,Steven,Ritter,2002-04-03,1958
862,3939356,Kevin,Johnson,2006-05-16,756
863,1925619,Jeffrey,Young,1999-07-31,226
864,7189280,Dylan,Williams,1999-05-30,1265
865,9730858,Hayley,Tucker,2003-04-06,1985
866,9977281,Kenneth,Garcia,2003-09-24,1466
867,4346408,Makayla,Brown,1999-05-12,88
868,8418867,Dwayne,Benson,2001-10-03,1600
869,8287679,Mark,Snow,1999-07-17,721
870,715470,Chad,Lewis,2000-07-26,350
871,2375916,Troy,Rose,1998-08-24,1125
872,9929449,Jean,Douglas,2005-06-15,1797
873,3936498,Andrew,Kelly,2004-06-25,2041
874,961394,Kelsey,Wright,2000-06-03,130
875,9695516,Deborah,Murphy,2002-04-12,1827
876,6541520,Carolyn,Black,2005-07-26,778
877,6859757,Eric,Bush,2000-10-10,702
878,1512412,Jennifer,Mason,2001-03-18,1110
879,8037233,Eric,Livingston,2002-09-30,77
880,390043,Melissa,Edwards,2002-07-22,1389
881,9519647,George,Parker,2002-08-07,1269
882,8499772,Daniel,Price,2003-03-06,1750
883,7342803,Shannon,Smith,1998-12-02,1283
884,9074883,Joseph,Brooks,2003-12-12,1434
885,1024367,Joshua,Young,2002-09-29,189
886,9616819,Janet,Hanna,2004-06-30,110
887,3751533,Kari,Ellis,2001-11-23,1303
888,8650075,Mark,Valdez,2003-01-29,1228
889,58720,Daniel,Peters,2002-10-06,1917
890,1081873,Matthew,Olson,1998-07-03,317
891,8099175,Allison,Allen,2000-12-18,1880
892,5113442,Bailey,Robinson,2002-07-17,1504
893,6734732,Rebecca,Reynolds,1999-01-22,1333
894,7420888,Carrie,Smith,2001-12-16,5
895,3761106,Kathy,Haynes,1999-06-06,565
896,8755989,Jonathan,Turner,2004-09-21,1381
897,8601942,Yvonne,Williams,2001-03-10,327
898,8326955,William,Buchanan,2003-06-22,1211
899,8475240,Jessica,Morgan,2000-02-14,15
900,6257378,Jill,Morse,2000-12-09,2013
901,6200500,Courtney,Walker,2003-11-14,839
902,9212280,Meghan,Castro,2005-09-06,1364
903,3122769,Alicia,Vasquez,2003-01-19,1725
904,4458486,Kristin,Phelps,2004-10-20,1776
905,8956983,Anne,Roberts,2002-06-28,1247
906,5024708,Ashlee,Ramirez,2002-11-26,112
907,5528100,Gerald,Anderson,1999-12-10,898
908,290524,Nicolas,Nguyen,1998-11-21,570
909,8198213,Dana,Allen,2000-10-23,274
910,9955514,Deanna,Simpson,2003-04-18,957
911,9155872,Michael,Sexton,2004-03-11,396
912,1979203,Lee,Wheeler,2002-01-01,763
913,9588218,Michael,Goodwin,2004-10-27,272
914,4290527,Jeffrey,Jacobs,2000-12-07,144
915,4359808,Jeffrey,Taylor,2003-01-10,1428
916,4587978,Monica,Savage,2004-09-01,1222
917,3649387,Patrick,Brown,2000-09-09,419
918,7899185,Karen,Smith,1999-12-08,1949
919,6439481,Jeffrey,Cox,2001-02-14,732
920,2753011,Carrie,Navarro,2005-04-18,1612
921,2252117,Jackson,Young,1999-10-06,1638
922,4515520,Lori,Rodriguez,2003-01-09,1318
923,4600699,William,Bowen,2001-05-30,460
924,2456090,Lindsey,Palmer,2003-03-25,1383
925,6713635,Katherine,Joseph,1999-07-06,1149
926,4215631,Richard,Villegas,2005-01-03,1981
927,4932478,Alec,Sims,2002-09-11,1138
928,8452048,Corey,Hernandez,1999-06-11,1704
929,5907852,Jesse,Barber,2006-02-04,1343
930,4062332,Daniel,Kelly,2000-05-29,1278
931,4428766,Jessica,Mcmillan,2002-11-30,1081
932,5160239,Austin,Cox,2003-02-18,1966
933,827578,Kristen,Steele,2004-08-04,941
934,789938,Benjamin,Mcdonald,2002-01-01,1178
935,5725649,Benjamin,Hart,2002-09-14,10
936,837649,Stacey,Jones,2000-01-03,581
937,1078268,Kristin,Blackwell,1999-01-14,1015
938,9517115,Denise,Campbell,2006-02-22,495
939,2058450,Sarah,Torres,2000-08-21,770
940,9914304,Ashley,Smith,1998-08-09,1189
941,2267164,Mary,Cruz,1999-10-14,630
942,9373135,Tracey,Atkins,2004-10-06,1734
943,8185546,Janice,Little,2002-10-15,1157
944,6966417,Zachary,Roth,2001-06-10,1348
945,652403,Holly,Bailey,2001-04-04,1629
946,4683752,Thomas,Taylor,2001-07-31,740
947,6704789,Michael,Adkins,1999-10-04,1120
948,7924923,Gina,Carroll,2000-06-12,1125
949,3913922,Theresa,Fields,2003-12-17,1315
950,7478232,Deborah,Webb,2003-07-18,1465
951,2494320,Kimberly,Schneider,1999-12-25,483
952,832820,Antonio,Holmes,2003-11-15,1367
953,8006529,Thomas,Rogers,2003-10-19,1335
954,6331858,Jeff,Graham,2006-05-21,587
955,8042747,Carlos,Crawford,2003-04-01,1635
956,2009430,Lisa,French,1998-08-22,227
957,7054139,Holly,Ramirez,2000-04-10,742
958,8628600,Tamara,Wallace,2001-11-13,1622
959,2873478,Ashley,Parks,2001-10-18,15
960,7146937,Jason,Rodriguez,2000-03-26,1029
961,6738290,Crystal,Mccall,2006-05-18,941
962,5348718,Anne,Sanders,2001-01-19,2035
963,2041,Raymond,Berry,2006-01-28,2016
964,9874070,Larry,Mcbride,2002-12-28,1559
965,44590,Kevin,Bennett,2005-07-31,1502
966,9869455,Christian,Pham,1998-07-24,773
967,7437776,Patricia,Haynes,2003-11-30,469
968,598284,Laurie,Cobb,2006-04-01,734
969,6563363,Mark,Jacobson,2006-04-07,957
970,5191279,Bryan,Reynolds,1999-08-07,1361
971,3764082,Ethan,Scott,2005-04-22,228
972,7099282,Alexandria,Brown,1999-06-01,1161
973,1678474,Alexander,George,1999-11-24,1823
974,6129146,Andrew,Skinner,2002-10-21,643
975,4666809,Leslie,Thompson,2002-04-05,187
976,2550959,Justin,Clark,2004-02-21,1027
977,6222037,Matthew,Clark,2005-06-04,1214
978,9124325,Alexa,Park,2005-02-16,1541
979,5522294,Lisa,Davis,2002-07-25,234
980,9387538,Mario,Jackson,2001-04-25,219
981,9755271,Christopher,Becker,2004-03-18,1936
982,7073629,Jeffrey,Martinez,2000-07-22,286
983,6669766,Richard,Floyd,2006-05-04,1631
984,9164525,Michael,Hess,2003-12-24,1197
985,2853496,Anna,Wright,2000-05-15,1541
986,3098217,Christine,Jones,2004-07-02,1521
987,3663908,Harold,Patton,2002-10-04,407
988,1708935,Valerie,Rodriguez,2002-11-30,1225
989,9542570,Leslie,Myers,1999-03-25,1980
990,6520943,Teresa,Chavez,1999-07-22,30
991,7319409,Bailey,Francis,2005-08-24,1725
992,3378619,Terry,Gonzales,2004-08-17,1306
993,2424717,Stephen,Lawrence,2004-04-04,813
994,8955683,Lawrence,Brooks,2005-11-24,740
995,6647392,Judith,Luna,2002-06-29,503
996,1225594,Charles,Bowers,2002-07-10,1452
997,8217341,Eric,Hunt,1999-09-04,989
998,3388256,Brandi,Harrell,2000-01-28,1464
999,7957387,Erin,Murray,2003-12-21,1507
1000,7006579,Jenna,Little,2003-10-13,55
1001,6420266,Brian,Evans,2004-04-16,1549
1002,1963812,Kristin,Lopez,2003-02-02,159
1003,7700018,William,Freeman,1998-07-03,1046
1004,3621041,Kyle,Phillips,2005-07-06,1398
1005,5531214,Cassandra,Jenkins,2004-09-20,1393
1006,6374043,Christine,Hamilton,2003-07-02,1800
1007,9450662,Sarah,Riley,1999-11-11,1995
1008,773971,Lisa,Mendoza,2000-07-19,262
1009,9328726,Joshua,Gregory,2004-08-24,1478
1010,7869353,Gregory,Fisher,2002-07-18,801
1011,7632729,Jason,Patel,2001-07-11,1890
1012,843382,Mallory,Knight,2001-12-17,1342
1013,4682578,Jennifer,Jordan,2005-04-13,108
1014,643212,Rachael,Ford,2000-12-06,601
1015,2669716,Ivan,Ruiz,1999-03-01,1065
1016,4027273,Nicholas,Gutierrez,2001-08-21,884
1017,9283179,Erica,Singleton,2003-06-22,1374
1018,8221165,Andrea,Thornton,2005-07-18,1772
1019,6266102,Maria,Hawkins,2000-06-08,979
1020,7712991,Adrienne,Carter,2003-09-08,1416
1021,1991944,Robert,Meyer,2002-08-04,2027
1022,6445579,Andrea,Ramirez,2000-10-07,1759
1023,449154,Edwin,Wilson,2006-02-10,215
1024,6669873,Christopher,Martin,2001-09-01,1698
1025,3551866,Manuel,Taylor,2004-05-02,1075
1026,869087,Amy,Rose,2002-07-15,1593
1027,6874594,Jessica,Young,2002-12-10,600
1028,1255183,Julia,Estrada,2005-03-07,1820
1029,8655035,Morgan,Morgan,1998-11-10,737
1030,8658120,Richard,Craig,2002-02-27,121
1031,4430160,Kathleen,Gomez,2004-07-28,1581
1032,36341,Alicia,Cervantes,1998-07-09,877
1033,190788,Michelle,Braun,2005-10-17,1188
1034,1089361,Kevin,Johnson,2000-12-31,627
1035,9483154,William,Robertson,2005-08-15,966
1036,5228811,Joe,Foster,2001-05-16,824
1037,1089746,James,Blanchard,2003-08-23,1213
1038,3038397,Deborah,West,2005-03-18,14
1039,8491090,Megan,Griffin,2006-02-04,437
1040,3736227,David,Valdez,2002-12-21,1937
1041,8582980,Christina,Wallace,2005-01-24,606
1042,9611504,Kimberly,Anderson,2000-04-10,777
1043,3304660,Michael,Guerrero,2002-03-09,1902
1044,2384058,John,Sims,2003-07-21,1944
1045,6605155,Ryan,Hull,2004-10-08,804
1046,845025,Leroy,Solomon,2002-02-28,1095
1047,1258141,Joshua,Parker,2003-07-22,1323
1048,5936848,Amanda,Mcconnell,1999-04-28,584
1049,6166450,Travis,Evans,1998-11-14,328
1050,6821286,Mark,Yates,2005-08-21,159
1051,1720602,Ronald,Morrow,2003-04-12,2045
1052,4121715,Barry,Fowler,2005-10-14,205
1053,3848877,Timothy,Brown,2000-08-08,779
1054,5197470,Michael,Perez,2004-01-26,395
1055,4069976,April,Marsh,1999-09-05,1064
1056,8607752,Donna,Schmidt,2003-03-27,1745
1057,1627942,Jeremiah,Braun,1999-05-20,227
1058,5984721,Michael,Clark,2003-04-11,422
1059,1687874,Kyle,Fields,2005-11-28,1053
1060,8703705,Perry,Hughes,2003-03-26,1334
1061,1287098,Gary,Perkins,2005-11-29,1180
1062,5449112,Francisco,Herrera,1998-09-29,854
1063,1656984,Laura,Bruce,2004-09-05,96
1064,5800366,Jamie,Swanson,1999-06-27,602
1065,3298865,Anne,Kennedy,2004-08-14,93
1066,2720051,Vincent,Bryant,2002-07-12,549
1067,7656034,Andrew,Garcia,2001-05-04,911
1068,8886883,Jennifer,Flynn,1999-12-30,556
1069,1938954,Samuel,Williams,2002-11-03,1990
1070,544285,James,Escobar,2005-08-01,470
1071,6724154,Elizabeth,Edwards,2002-09-12,1030
1072,9852838,Robert,Jenkins,2001-12-06,1830
1073,6411940,Thomas,Williamson,2000-12-15,103
1074,6752959,Amy,Jones,2002-06-06,686
1075,3183008,Carrie,Krause,2001-11-14,1591
1076,6196841,Joseph,Obrien,2003-06-16,1548
1077,9669302,Victor,Christensen,2001-02-26,1053
1078,9431640,Vincent,Bautista,2002-07-31,1642
1079,1014767,Chelsea,Sandoval,2000-01-12,1387
1080,7146327,Amber,Kelly,2004-12-30,589
1081,651168,John,Mitchell,2005-05-19,1422
1082,6366187,Shane,Hansen,2001-05-02,1604
1083,3112313,James,Long,2004-07-30,1207
1084,6307446,David,Fry,1998-12-23,468
1085,6803467,Robert,Nielsen,2000-01-05,373
1086,8217517,Kayla,Ramirez,1999-05-15,1724
1087,4107087,Christopher,Jordan,1998-11-17,958
1088,3526955,Monique,Greene,2005-03-10,1450
1089,8629106,Rodney,Lewis,2001-05-24,243
1090,9413923,Steven,Thornton,2005-05-31,460
1091,5500503,Brianna,Snyder,2002-03-26,927
1092,3006929,Larry,Mason,2002-11-28,377
1093,6606847,Gregory,Ashley,1998-09-25,1049
1094,6358436,John,Andrade,1999-05-18,456
1095,6769802,Deanna,Heath,2001-05-29,413
1096,850361,Kimberly,Johnson,2002-01-03,1703
1097,4496961,Joshua,Hicks,2001-12-03,260
1098,3333402,Robert,Montoya,2004-01-27,654
1099,9076426,Stephanie,Williams,2000-09-09,320
1100,3348242,Jamie,Frye,1998-12-10,1557
1101,549903,Mark,Moreno,2001-09-10,606
1102,8068968,Nicole,Lopez,2001-08-11,797
1103,3931555,Emma,Wright,1999-03-17,1392
1104,5017782,Nathaniel,Cohen,1998-06-24,873
1105,2624831,Jeffrey,Freeman,2002-10-14,893
1106,6322182,Kevin,Simmons,1998-12-29,907
1107,2782551,Andre,Briggs,2003-01-27,939
1108,1395078,Frances,Stafford,2003-06-06,639
1109,3104418,Anthony,Smith,1998-08-02,2038
1110,7437481,Elizabeth,Flores,2002-01-27,782
1111,1595535,Wendy,Davis,2002-07-18,1012
1112,4218499,Charles,Shaw,2003-06-28,1866
1113,3071138,Carol,Peterson,2002-03-30,1505
1114,3536067,Dawn,Martin,1998-07-14,1163
1115,1658010,Lori,Martinez,1998-12-01,1643
1116,1457483,Angela,Hanson,2000-12-17,1253
1117,6380506,Raymond,Cooper,2004-06-30,2005
1118,932268,Justin,Wells,2000-05-22,119
1119,2016142,Margaret,Gibson,2000-05-22,2046
1120,3146684,Stanley,Novak,1999-11-21,1317
1121,4636348,Richard,Wilson,2003-11-28,93
1122,4331796,David,Cox,2003-08-18,1331
1123,1202607,Laura,Weeks,1999-02-10,59
1124,953161,Maurice,Cunningham,1998-12-14,861
1125,6993038,Paul,Martinez,2003-10-15,325
1126,4399336,Christopher,Wright,2003-08-31,966
1127,9973857,Nicholas,Brown,2005-10-08,1251
1128,2524981,Alicia,Luna,1999-09-27,823
1129,9108464,Kayla,Harris,2001-05-19,1351
1130,7590451,Edward,Young,1998-09-18,1177
1131,7989680,Shawn,Jordan,2002-02-06,824
1132,8864512,Samuel,Brooks,1998-10-05,551
1133,3001210,Nicole,Lopez,1999-08-02,785
1134,5625631,Angela,Sosa,2001-12-05,1993
1135,2587591,Christina,Castillo,2001-09-05,812
1136,2271698,Steven,Nguyen,2004-11-01,361
1137,6339228,Jason,Smith,2003-04-01,454
1138,7301035,Curtis,White,2003-04-22,549
1139,8521072,John,Todd,2006-04-07,1396
1140,2235902,Abigail,Klein,2003-10-16,1075
1141,685975,Shane,Foley,2001-11-29,116
1142,1557654,James,Green,1998-08-12,2002
1143,6174401,Margaret,Parker,1999-09-18,1078
1144,1931640,Robert,Smith,2003-07-21,447
1145,1386120,Wayne,Peterson,1998-09-17,580
1146,7952930,Barry,Garcia,1999-06-13,491
1147,484681,Chase,Jones,2005-07-20,617
1148,8396757,Erin,Fischer,2000-09-25,2025
1149,3232249,Javier,Washington,1998-06-18,1973
1150,4919388,Danielle,Allen,2000-01-13,1430
1151,3462359,Jean,Johnston,2001-09-30,253
1152,9218734,Joseph,Taylor,2003-01-17,2035
1153,1540695,Betty,Price,2000-03-09,178
1154,3972864,Becky,Swanson,1999-11-27,1042
1155,5216038,Bryan,Ballard,2006-05-05,586
1156,4058425,Teresa,Mathis,2004-08-09,1727
1157,4872380,Diana,Bates,2002-08-13,988
1158,839771,Brenda,Anderson,2005-08-30,394
1159,4104323,Jennifer,Martin,2001-12-01,912
1160,1047719,Joshua,Petersen,2001-05-11,814
1161,2340871,Kaitlyn,Cowan,2003-11-21,811
1162,6381833,John,Nelson,2003-05-26,282
1163,3235672,Jennifer,Turner,2005-10-29,507
1164,5467755,Ashley,Blackwell,2002-03-21,522
1165,5782400,Amanda,Ortiz,1998-10-11,1768
1166,4736400,Melissa,Acosta,2005-06-29,752
1167,6566201,Jonathan,Duran,2004-08-19,421
1168,890602,Michael,Gordon,2000-01-19,1382
1169,7593708,Carrie,Daniels,1999-02-10,623
1170,3019365,Heather,Davenport,2005-11-29,1438
1171,5155964,Kristine,Jones,1998-06-04,373
1172,7433259,Stacey,Walker,2003-10-09,566
1173,5344126,Joshua,Bryant,2005-10-07,597
1174,8799476,Sean,Greene,2005-06-06,1359
1175,2171879,Deanna,Bird,2003-09-11,640
1176,1253172,Harold,Robinson,1998-10-06,1948
1177,681438,Paul,Simmons,2003-12-26,1736
1178,4713143,Nancy,Anthony,2005-10-04,1619
1179,6241280,Ronald,Ware,1999-03-11,1421
1180,6935826,Luis,Roberts,2002-10-31,1725
1181,1891905,Susan,Mcconnell,2003-07-10,55
1182,6508953,Wendy,Zhang,1999-09-25,1499
1183,24418,Dakota,Dudley,1999-06-28,995
1184,9047304,Amanda,Hoffman,2001-03-19,1589
1185,364547,Edward,Wilson,2000-03-24,829
1186,9218275,Renee,Murphy,2004-06-22,1344
1187,9697876,Michelle,Hines,2003-07-02,1501
1188,8352836,Ronald,Arnold,2003-01-25,1817
1189,9704531,Katherine,Melendez,2002-12-26,1307
1190,6339735,Scott,Ward,1998-11-28,405
1191,2227330,Kyle,Long,1999-08-23,1203
1192,6614972,Thomas,Miller,1999-03-21,480
1193,4386697,Rebecca,Smith,2004-08-12,388
1194,3844636,David,Sanchez,2001-06-03,1590
1195,6621387,Kevin,Gonzales,2002-02-26,1231
1196,4066715,Jason,Fuller,2002-09-27,1241
1197,929926,Michelle,Gomez,2002-07-15,1045
1198,4122016,Joel,Porter,2002-02-15,1039
1199,7835196,Jonathan,Salinas,2003-08-14,1584
1200,9370989,Tonya,Cox,1999-01-30,1151
1201,7957392,Jesse,Taylor,1998-11-19,11
1202,1440353,Regina,Ferguson,2004-04-17,668
1203,5934872,Alicia,Oneal,2001-02-15,542
1204,3180009,Mark,Robinson,2003-08-31,1528
1205,239362,Jesse,Walsh,2003-06-22,1033
1206,8503953,Charles,Blackburn,2003-10-15,1923
1207,7196074,James,Gonzalez,2005-10-15,789
1208,5196870,Christina,Hernandez,2003-04-06,188
1209,5179171,Tiffany,Maynard,1999-06-26,679
1210,9149156,Samantha,Byrd,2002-09-12,625
1211,4209488,Vanessa,Martin,2001-06-12,455
1212,2832996,Kathleen,Maldonado,2001-11-30,94
1213,5733502,Darrell,Rivera,2000-12-07,1312
1214,910371,Kari,Moore,2001-06-04,1065
1215,7371308,Ryan,Pope,2005-10-06,693
1216,7873506,Gregory,House,2006-03-11,1314
1217,274520,Chelsea,Thompson,2000-03-28,389
1218,9062210,Valerie,Stafford,1998-06-26,289
1219,564077,Melanie,Ware,2000-09-20,32
1220,2607408,Paula,Hayes,2005-05-08,1968
1221,6919073,Margaret,Coleman,2003-12-01,312
1222,936755,Ruben,Hanson,2004-03-08,1264
1223,4745790,Kevin,Williamson,1999-12-24,712
1224,5851049,Alexis,Aguirre,2003-01-27,1595
1225,1554577,Colleen,Evans,1999-03-24,1443
1226,5666351,Lauren,Carpenter,2006-05-18,1901
1227,3524341,Jordan,Robbins,1998-10-02,105
1228,5327927,Albert,Williams,1998-12-25,274
1229,9457459,Kathleen,Long,2003-06-08,866
1230,9171481,Cory,Smith,1999-03-26,702
1231,5056534,Stephen,Bennett,2002-03-24,1998
1232,8899336,Alfred,Howard,2006-02-09,1056
1233,8120242,Anthony,King,2001-06-03,1823
1234,9552678,Paul,Reyes,2001-10-10,1837
1235,6084663,Evelyn,Quinn,2004-04-08,1280
1236,49957,Linda,White,2003-04-05,591
1237,4756894,Patrick,White,1998-07-30,1692
1238,8633183,Felicia,Garner,2000-09-25,1531
1239,3721199,Eduardo,York,2001-06-13,703
1240,6615322,Anne,Smith,2002-03-02,580
1241,6374823,Jessica,Evans,1999-02-26,1468
1242,7447304,James,Mccoy,2003-04-13,1730
1243,5810856,Jose,Lynch,2005-11-29,464
1244,1275734,Heather,Martinez,2005-09-26,1373
1245,1062025,Madeline,Espinoza,2005-03-12,687
1246,5737647,Amy,Bryan,1998-06-08,654
1247,8242462,Thomas,Mcmahon,2003-11-14,262
1248,2291060,Jessica,Cooper,2002-09-14,212
1249,8378393,Justin,Johnson,2001-12-23,1553
1250,6123066,Keith,Smith,2004-01-14,1208
1251,9764086,Randall,Vargas,2000-09-03,1053
1252,565406,Michael,Matthews,1999-02-18,941
1253,5974170,Jessica,Kennedy,2005-11-30,839
1254,2629128,Steven,Carney,1999-07-19,1353
1255,4960528,Rebecca,Mitchell,2003-05-14,990
1256,8828108,Christopher,Rodriguez,1998-08-06,925
1257,9522912,Daniel,Orr,2003-12-25,1700
1258,4919481,Arthur,Robinson,2001-05-18,2033
1259,6494579,Timothy,Rodriguez,2000-03-17,1801
1260,6331074,Jacob,Vasquez,2001-07-14,583
1261,2587450,Kathryn,Phelps,2001-05-22,458
1262,4381233,Rhonda,Gomez,2003-10-17,728
1263,1787855,Erica,Krause,1999-09-06,1228
1264,5208454,Brian,West,2005-11-17,613
1265,2644749,Stanley,Miller,2004-09-17,522
1266,3571712,Megan,Jones,1999-05-17,615
1267,2326489,Pamela,Valdez,1999-11-01,355
1268,8043037,Emily,Moon,2005-06-29,669
1269,5714729,Seth,Hill,2000-08-25,1907
1270,1943375,Bradley,Young,1998-06-13,1566
1271,1999964,David,Sims,2002-01-09,931
1272,3959638,Christopher,Preston,2001-01-01,1761
1273,7768521,Kathryn,Schmidt,2002-02-19,286
1274,8809117,Henry,Williams,2003-08-17,1840
1275,7306049,Andrew,Wang,1998-09-13,427
1276,6749175,Danielle,Soto,2000-11-21,218
1277,8434159,James,Ortiz,1998-12-07,1944
1278,5668221,Dennis,Ortiz,2004-11-01,1902
1279,5149757,Erica,Johnson,2001-01-15,1118
1280,8584779,Rodney,Ramirez,1999-11-10,1139
1281,1236746,Ana,Coleman,2000-07-30,1058
1282,1027487,Juan,Welch,2005-06-23,1233
1283,8253659,Brady,Anderson,1999-09-30,266
1284,150123,Michael,Lewis,2005-07-14,811
1285,3407960,Christy,Bryant,2004-05-30,1058
1286,2597299,Connor,Rosales,2004-06-09,626
1287,2552166,Lisa,Waller,2006-01-24,1759
1288,8254339,Cheryl,Randolph,2002-03-14,1169
1289,1437584,Daniel,Ramos,2004-08-19,314
1290,3298107,Kevin,Martinez,1998-08-16,1904
1291,3959199,Donald,Hart,1999-12-26,543
1292,5965447,Jason,Salas,1999-09-09,595
1293,8146968,Sarah,Blake,2005-01-02,2039
1294,9799773,Steven,Tanner,2001-09-28,955
1295,8165443,Jessica,Robertson,2002-03-21,1655
1296,9176290,Kelly,Sanchez,1999-04-07,1295
1297,3004016,Regina,Washington,2001-04-06,1492
1298,1302466,James,Campbell,2000-06-16,615
1299,964589,Shawn,Cook,2006-04-14,1174
1300,4246869,Monique,Castillo,2002-04-07,1415
1301,3513135,Rebecca,English,2003-02-13,1308
1302,9161863,Patricia,Sullivan,2003-12-24,1633
1303,8250732,Brandy,Williams,1998-11-24,1730
1304,7117504,Mitchell,Wyatt,1998-06-23,780
1305,6961454,William,Branch,2000-05-04,1590
1306,3433597,Debbie,Strickland,2005-02-22,217
1307,6367673,Monique,Rivera,2003-08-06,781
1308,7149033,Alice,Barnes,1999-12-27,945
1309,385617,Christian,Mckee,2006-03-22,1399
1310,7291590,Erika,Watson,2006-02-21,858
1311,7201931,Angela,Smith,2004-04-06,1713
1312,244377,Kelsey,Lee,2001-09-21,1030
1313,8541758,Christopher,Taylor,2003-01-14,1651
1314,6814881,Raymond,Harris,1999-10-04,850
1315,313696,Kimberly,Carrillo,2000-11-22,486
1316,7082203,Eric,Wilson,2000-08-22,1787
1317,5826007,Sean,Bender,2004-10-21,430
1318,2534357,Jessica,Hayden,2000-08-26,491
1319,3000901,Jacob,Cortez,2000-08-22,110
1320,7372155,Matthew,Harrington,2006-05-02,505
1321,5467867,Edwin,Dickerson,2003-08-24,1439
1322,5799217,Kimberly,Mitchell,2002-04-18,531
1323,9978742,Krista,Banks,2001-04-14,441
1324,3316049,Randy,Sullivan,2004-08-08,1818
1325,7786113,Paul,Perkins,2004-11-30,1518
1326,2993227,David,Valdez,1999-07-21,516
1327,1813238,Joseph,Cook,2003-03-13,361
1328,94760,Patricia,Glover,1999-04-05,887
1329,4777898,Sarah,Hamilton,2000-11-02,1537
1330,3842201,Brian,Hebert,2004-05-03,1860
1331,2002490,Taylor,Davis,2000-10-13,1180
1332,7958932,Allison,Olson,2004-08-11,1942
1333,4080794,Andrew,Moran,2005-08-12,727
1334,9767313,Andrea,Cain,2004-06-18,6
1335,5932928,Jill,Thompson,2004-08-30,1805
1336,9394044,Karina,Duncan,2002-11-18,1737
1337,983603,Gregory,Sandoval,1999-08-23,931
1338,4157501,Amber,Brown,2002-10-14,1504
1339,8507347,Linda,Gomez,2003-09-19,1336
1340,886598,Heather,Holder,2001-07-02,548
1341,464079,David,Aguilar,2003-10-17,1345
1342,5217715,Deborah,Powell,2001-06-10,286
1343,2698097,Joseph,Gomez,1999-10-15,136
1344,9551772,Zachary,Williams,2001-11-19,687
1345,1189991,Frank,Pearson,2006-05-28,12
1346,8982893,Denise,Hughes,2005-08-27,62
1347,9399183,Melinda,Collins,2001-06-18,1534
1348,7427443,Dawn,Garcia,2001-11-04,1496
1349,8543261,Corey,Contreras,1999-01-05,1348
1350,543912,Jillian,Hess,2003-07-20,1979
1351,6683318,David,Cox,2001-06-21,527
1352,7239061,Kathleen,Anderson,1999-09-23,1463
1353,9335535,Benjamin,Bennett,2000-09-28,348
1354,7594143,Douglas,Espinoza,2001-10-15,58
1355,922296,Marcus,Taylor,1999-09-09,1708
1356,7079860,Chase,Lee,2005-09-07,900
1357,2071023,Jessica,Roberts,2006-05-02,1375
1358,4336818,Sandra,Washington,2006-04-27,922
1359,8284673,Sean,Weeks,1999-04-04,738
1360,4021480,Kristen,Houston,2004-11-04,426
1361,7085960,Kimberly,Benitez,2002-08-23,2049
1362,9528332,Shane,Diaz,2000-03-30,1481
1363,5618219,Veronica,Patel,2001-08-22,113
1364,5060362,Christopher,Compton,2005-04-21,579
1365,6545948,Charlene,Morgan,2003-05-11,712
1366,3536207,Elizabeth,Gonzales,1998-12-31,349
1367,9963071,Peter,Giles,1999-05-07,25
1368,903534,Jennifer,Bruce,2003-12-03,880
1369,2136227,Michael,Sullivan,2002-01-26,1882
1370,8370567,Matthew,Mccoy,2003-06-19,559
1371,1050059,Christopher,Fleming,2005-02-09,1954
1372,6788679,Michael,Smith,2003-08-01,541
1373,3646363,John,Moran,2005-05-10,1651
1374,2740197,Tracy,Jensen,2005-12-03,2009
1375,7303717,Frank,Taylor,2003-09-11,909
1376,1087554,Bailey,Welch,2003-08-02,1972
1377,3203644,Justin,Griffith,2006-03-16,1112
1378,9750683,Richard,Taylor,2004-03-03,717
1379,5903137,Cassandra,Williams,2006-01-18,1658
1380,9545832,Tammy,Clark,2005-10-03,1356
1381,3251961,Kevin,Wells,1999-12-26,1356
1382,7526919,Michelle,Shah,2005-10-19,31
1383,4130303,Stephanie,White,2000-11-28,479
1384,5276030,Michael,Yoder,2002-10-22,1059
1385,3820994,Kayla,Thomas,1998-12-21,1508
1386,186509,Cameron,Edwards,2001-10-24,1859
1387,3519999,Kyle,Keller,2006-01-05,1347
1388,1023019,Jennifer,Grimes,2003-07-20,915
1389,5715244,Shelby,Carter,2001-12-17,747
1390,5243941,Scott,Fisher,2003-10-12,980
1391,4812042,Jeffrey,Williams,2005-09-11,743
1392,9830361,Andrew,Smith,1998-10-05,1400
1393,8605852,William,Brown,1999-11-04,917
1394,5398593,Katie,Davis,2005-01-23,536
1395,1903154,Kelly,Wheeler,2000-03-21,115
1396,1839195,Jonathan,Decker,2004-05-16,28
1397,829402,Lisa,King,2004-01-20,1213
1398,2057307,Crystal,Morris,1998-11-14,1983
1399,5400940,Elizabeth,Dixon,2000-09-18,1870
1400,5263977,Kim,Craig,2001-05-10,1045
1401,5678751,Maria,Payne,1999-09-26,138
1402,5592706,Vicki,Hanna,2002-09-22,868
1403,4299580,Charles,Stout,2005-08-20,215
1404,6503595,Julie,Logan,2005-07-15,1635
1405,975318,Jessica,Delgado,1999-03-10,946
1406,4941703,Roberto,Tran,1998-06-17,1777
1407,63602,John,Blair,1999-04-20,817
1408,4073466,Brendan,Graham,2003-12-21,532
1409,7014578,Ashley,Dawson,1998-12-09,826
1410,6902257,Jessica,Ross,2002-07-05,1085
1411,1924569,Bryan,Dennis,2004-02-07,1272
1412,4658008,Emma,Andersen,1999-12-10,1114
1413,8356735,Kevin,Mendoza,2003-05-19,1260
1414,5737184,Daniel,Patton,2000-06-13,400
1415,2679374,Jeremy,Smith,2000-01-16,1276
1416,1716913,Richard,Morton,2004-01-22,942
1417,4210889,Troy,Martinez,1998-09-18,241
1418,1106666,Ann,Mason,1999-08-27,1194
1419,4162124,Alexander,Lewis,2001-06-01,1992
1420,444101,Joseph,Griffin,2001-06-03,898
1421,4099176,Linda,Mays,2001-12-14,36
1422,6914422,Susan,Garner,2002-08-03,662
1423,4979061,Felicia,Lane,2001-07-21,631
1424,1063442,Ashley,Lewis,1999-09-12,523
1425,9893599,Julie,Campbell,2004-05-01,1441
1426,2507560,Daniel,Cole,1999-01-16,1819
1427,6878748,Jeanette,Gates,2003-08-15,296
1428,6796490,David,Gomez,2003-01-28,1947
1429,4052547,Matthew,Riley,2004-09-25,1
1430,3895805,Andrea,Gonzalez,2005-09-27,1525
1431,8774975,Diane,Lyons,2004-01-01,1926
1432,3331884,Brenda,Dodson,2005-03-09,1155
1433,7398267,Jonathan,Anthony,2003-06-05,1919
1434,5820895,Suzanne,Castillo,2006-05-10,58
1435,9857654,Megan,Mcfarland,1999-10-24,873
1436,4989240,Katrina,Mann,2002-04-11,1632
1437,2594687,Thomas,Graves,2002-12-25,1181
1438,1772187,Denise,Skinner,2002-12-02,892
1439,7917540,David,Nunez,1999-04-28,1504
1440,8789222,Gordon,Austin,2004-02-21,237
1441,1086457,Jamie,Cook,2004-12-16,700
1442,4818714,Joseph,Duran,2000-11-10,181
1443,3231382,Thomas,Ortiz,1998-11-27,479
1444,7315112,Hector,Wallace,2004-09-04,1734
1445,9335614,Brittany,Adams,2006-06-02,535
1446,9284331,Brandon,Graham,2004-08-12,1003
1447,6935701,Susan,Sanford,1999-11-10,623
1448,6393276,Erin,Henderson,1999-02-08,1613
1449,2467214,Emily,Lawrence,2005-10-22,1731
1450,8135538,William,Hoffman,2003-07-25,13
1451,577490,Nicole,Galvan,2000-08-12,967
1452,1862260,Jonathan,Schneider,2003-07-14,398
1453,6602991,Crystal,Hancock,2002-09-19,924
1454,7659211,Jennifer,Cordova,2001-12-26,1511
1455,7777452,George,Cervantes,1998-09-11,556
1456,5104558,Sharon,Craig,2004-03-02,967
1457,5488594,Alex,Foster,2005-10-18,1790
1458,493784,Dana,Rose,2001-07-22,1093
1459,4335211,Brianna,Stuart,2003-06-20,350
1460,6842847,Stephanie,Stephens,2006-05-31,1963
1461,6969713,Rachel,Alvarado,2004-03-01,1230
1462,2226248,Brian,Garcia,2005-12-11,877
1463,5859668,Katherine,Rivera,1998-06-19,322
1464,9249181,Travis,Howell,1998-12-23,1477
1465,7025520,Jerry,Burton,1999-10-28,1955
1466,7662271,Alexander,Graham,2005-03-17,1371
1467,6679680,Andrea,Romero,1999-05-27,288
1468,5945313,Alicia,Pineda,2001-01-08,305
1469,7668778,James,Cook,2001-02-26,419
1470,2393389,Joseph,Cantrell,2005-10-16,1409
1471,760993,Margaret,Juarez,1998-10-30,479
1472,829416,Angela,Sosa,1998-09-28,1933
1473,3262962,Janet,Ferguson,2002-03-14,975
1474,8788738,Megan,Myers,2003-11-03,1725
1475,3700220,Grace,Lee,2005-11-14,196
1476,3751537,Tyler,Bauer,2003-11-03,1039
1477,137333,Sarah,Costa,2005-06-01,1563
1478,930014,Brandon,Smith,2002-11-14,1013
1479,8440393,Carla,Melton,2001-08-22,44
1480,7020919,Jeffery,Baker,2001-09-09,1876
1481,2690281,Jane,Benjamin,2004-11-17,233
1482,7544423,Michael,Baker,2002-12-15,1379
1483,9374911,Paul,Hodges,2001-07-31,1372
1484,1006418,Emily,Myers,2001-02-04,422
1485,3626027,Richard,Medina,1999-12-24,1014
1486,4225304,Holly,Thompson,1998-08-28,1755
1487,4751414,Brad,Kline,2006-05-15,1173
1488,4038732,Samantha,Holt,2004-06-22,740
1489,5974729,Dana,Hughes,2003-09-10,1264
1490,6528989,Sherry,Hernandez,1998-06-08,1007
1491,2582041,Amanda,Carter,2000-05-22,1776
1492,9111519,Rachel,Patel,2002-05-17,1875
1493,3887824,Karl,Barber,2006-01-08,1451
1494,8859082,Mitchell,Moore,2001-05-09,204
1495,770545,Amy,Trevino,1999-12-06,551
1496,7413361,Anne,Serrano,2002-08-12,1161
1497,7260528,Pamela,Fox,1999-10-12,582
1498,7701025,Casey,Young,2001-05-19,841
1499,8709454,Marc,Simmons,2001-05-14,764
1500,2334915,Cassandra,Clark,2001-03-27,739
1501,3665769,Dominique,Scott,2001-10-17,835
1502,575273,James,Richards,1999-01-12,364
1503,9146360,Benjamin,White,2001-04-20,1130
1504,5897945,Christopher,Guzman,1998-10-18,185
1505,8466167,James,Whitney,2001-10-03,347
1506,223675,Stephanie,Johnson,2001-01-19,1718
1507,4359908,Evelyn,Palmer,2000-06-11,142
1508,6779732,Randall,Diaz,2001-02-22,1569
1509,8185226,Michael,Jackson,2002-05-06,758
1510,422842,Emily,Lynn,2006-05-21,333
1511,2120196,Joanna,Grant,2000-01-07,158
1512,9900704,Pamela,Miller,2001-05-18,749
1513,8009942,Daniel,Robertson,2004-11-07,638
1514,5659519,Larry,Jones,2004-06-19,522
1515,683526,Ryan,Gallegos,2005-05-20,699
1516,6934616,Rachel,Quinn,2001-10-13,549
1517,8302419,Timothy,Griffith,2004-08-20,1180
1518,5405869,Peter,Haynes,2002-01-06,1960
1519,592223,Justin,Smith,2004-07-13,1054
1520,3620063,Cynthia,Cabrera,2004-02-23,709
1521,5569811,Kevin,Ward,2000-04-30,1127
1522,3678885,Joshua,Carpenter,1999-04-29,1672
1523,6619801,Jacob,Wilson,2000-04-20,1465
1524,8663718,Ethan,Lopez,2003-03-06,2034
1525,9685490,Austin,Hernandez,2003-08-20,1998
1526,6639037,Tina,Sparks,2006-01-02,414
1527,3428104,William,Cochran,2002-08-21,641
1528,3983339,Scott,Anderson,2002-06-15,349
1529,6376137,Mary,White,2001-10-28,1177
1530,4057450,Eric,Larson,2001-06-18,812
1531,3809920,David,Miller,1998-06-13,676
1532,8751662,Karen,Meyers,2003-08-17,959
1533,8799554,Jeremy,Miller,1999-10-20,439
1534,7516492,Janet,Figueroa,2002-08-08,1789
1535,5360398,Susan,Lewis,2006-01-24,1313
1536,3413880,Rodney,Mann,2003-08-26,109
1537,9653478,Joshua,Barnes,2005-08-11,548
1538,764896,Kayla,Chang,2002-08-28,932
1539,2670204,Thomas,Miller,1998-08-12,1638
1540,4235262,Daniel,Ellison,2006-04-19,1568
1541,1588447,Samuel,Wright,2000-10-17,509
1542,1558118,Casey,Simpson,2000-06-01,599
1543,8332941,Amber,Burgess,2003-09-14,1126
1544,5367941,Scott,Russell,2005-01-31,1934
1545,8457409,Victor,Keller,2002-03-28,1744
1546,3519718,Chad,Wright,2001-10-09,173
1547,306202,Karen,White,2006-05-02,1897
1548,6942744,Monica,Tucker,2002-04-28,1366
1549,1471342,Thomas,Green,2000-01-01,499
1550,9475634,Lisa,Spence,2005-05-10,572
1551,4016787,George,Fields,1998-09-22,615
1552,3851181,Michael,Ward,2002-08-29,1173
1553,6889339,Evan,Frost,1998-12-15,265
1554,6342676,Daniel,Cardenas,2005-04-15,377
1555,1754637,Alyssa,Wright,2003-09-04,450
1556,3092026,Matthew,Parker,2003-10-21,1503
1557,2262737,Vanessa,Hughes,2003-07-16,724
1558,1259116,Billy,Johnson,2001-01-01,481
1559,6930267,James,Cole,1998-06-10,1709
1560,8791060,Kaitlin,Steele,2001-11-03,1260
1561,7114203,Tara,Davenport,2005-07-19,1776
1562,5336899,Ricky,Chang,2003-11-21,1113
1563,6883496,Paul,Martin,1998-06-24,22
1564,2315446,Oscar,Murphy,2000-01-06,889
1565,3852638,Elizabeth,Mitchell,2004-07-29,1594
1566,9655582,Sean,Price,2004-07-10,2047
1567,1368684,Christina,Romero,1999-08-05,1397
1568,2653299,James,Chan,1998-06-09,1944
1569,470746,Kimberly,Murphy,1998-11-29,700
1570,2005597,Ashlee,Lewis,2002-05-27,1720
1571,1337717,Ronald,Cole,2000-03-19,1720
1572,4390631,Linda,Beard,2005-01-21,1549
1573,5349299,Ricky,Greene,2000-06-30,663
1574,35404,Sophia,Estrada,2002-09-26,818
1575,772262,Tanya,Weber,2002-05-29,332
1576,3751190,David,Young,2003-04-18,1586
1577,9475351,Kimberly,Lang,1998-09-25,163
1578,6603293,Michael,Best,2003-09-12,1993
1579,493984,Micheal,Carter,2005-04-06,1201
1580,5287328,Todd,Allen,2004-04-15,525
1581,6634124,Jeremy,Welch,2004-05-17,1630
1582,6262406,Brian,Stewart,2003-08-15,1577
1583,5661860,Tami,Hall,2006-02-25,1164
1584,9128010,Angela,Villarreal,2001-09-18,799
1585,7875463,Alexandra,Garcia,2000-06-22,1825
1586,8486057,Hannah,Johnson,2004-05-28,1389
1587,2279575,Jennifer,Diaz,2000-08-24,203
1588,1079786,Curtis,Simpson,2000-05-31,29
1589,297969,Anthony,Lopez,2000-05-11,750
1590,2927097,Russell,Castaneda,2004-12-24,1118
1591,579876,Paul,Robinson,2005-09-28,1441
1592,9400907,Stephen,Weiss,2002-06-06,1139
1593,8252446,Nicholas,Salas,1998-09-03,1549
1594,7819098,Robert,Hoffman,2004-08-11,1618
1595,6362635,Courtney,Lee,2000-07-08,1194
1596,5871676,Jason,Paul,2002-12-24,1616
1597,4050663,Heidi,Garcia,2006-04-22,1646
1598,9848017,Jeffrey,Ramos,1998-12-11,1591
1599,1797656,Debra,Johnson,2002-10-25,623
1600,9477683,Ann,Wolfe,1999-06-07,1654
1601,4643358,Peggy,Tran,2003-03-13,1272
1602,2217846,Alicia,Farmer,1999-06-17,1426
1603,3368324,Jason,Cox,1998-11-20,270
1604,187198,Eric,Bailey,2005-01-30,114
1605,8113340,Tyler,Hall,1998-12-09,925
1606,3145006,Kevin,Lee,1999-10-29,190
1607,3890,Curtis,Smith,2004-11-11,25
1608,8250042,Nathaniel,Hoffman,2006-04-12,110
1609,2957965,Adriana,Palmer,1999-02-18,1415
1610,1478912,Sarah,Garrett,2001-08-26,927
1611,8455966,Travis,Duffy,2002-06-09,598
1612,2213731,Michelle,Cook,1999-12-10,707
1613,8066081,Patrick,Murphy,1999-11-26,1529
1614,2678979,Steven,Mays,1998-07-12,566
1615,9359101,Stephanie,Perkins,1999-09-18,131
1616,6246471,Jenna,Nelson,2005-07-16,1520
1617,5685535,Michael,Wells,2004-04-19,1508
1618,2980585,Austin,Gutierrez,2003-09-27,446
1619,5890792,Ashley,Ramirez,2001-06-09,302
1620,1031710,Joan,Clark,2002-06-12,2007
1621,9540466,Ryan,Simmons,1999-08-16,631
1622,4251743,Gregory,Farmer,2001-09-21,426
1623,69633,Christopher,Yu,2003-02-21,220
1624,9452459,Joshua,Carrillo,2005-12-26,327
1625,8111401,Heather,Payne,2001-04-20,1684
1626,5634911,Kenneth,Lopez,2005-02-26,452
1627,627045,Corey,Sutton,2001-02-07,1006
1628,7638264,Victoria,Spears,2000-07-06,65
1629,6146666,Brittany,Burch,2001-11-14,959
1630,7097820,James,Jenkins,2000-04-24,1245
1631,2177884,Crystal,Wang,1999-12-02,1209
1632,7664755,Bradley,Townsend,2002-07-01,99
1633,3975204,Cody,Berry,2000-12-23,115
1634,6769950,Elizabeth,Sanders,1998-09-28,1365
1635,8224711,Todd,Gonzalez,1998-12-09,1033
1636,3120346,Katherine,Shaw,2005-10-13,707
1637,6031616,Sean,Wright,2000-11-26,1598
1638,1152614,Richard,Smith,1999-10-01,925
1639,8416544,Marcus,Hood,2001-12-10,393
1640,3348056,Kimberly,Mcdonald,2000-10-02,1259
1641,6010590,Ryan,Mercado,2004-08-11,429
1642,7922279,William,Walker,2001-10-08,1613
1643,4232983,John,Steele,2003-04-23,548
1644,7541918,Karl,Jones,2002-07-04,1904
1645,5091499,Lonnie,Brown,1998-11-22,872
1646,3145694,Jason,Bowers,2004-11-01,1617
1647,2510338,Frank,Schultz,2003-04-14,127
1648,6495582,Kimberly,Mills,2006-04-18,2035
1649,9212043,Joseph,Martinez,1999-04-01,2026
1650,844647,Douglas,Waters,2005-03-25,712
1651,2882459,Christian,Yates,2000-11-01,1295
1652,3551215,Nathan,Wolfe,2002-06-06,450
1653,7816983,Brandi,Ellis,2003-07-08,468
1654,9569773,Alexis,Bonilla,2005-07-20,446
1655,1092345,Kenneth,Jones,2003-12-27,1458
1656,2764119,Jeremy,Graham,2001-03-20,1354
1657,5990076,Chad,Phillips,2004-07-25,2037
1658,7066360,Megan,Wilcox,2006-01-23,106
1659,5261129,Michelle,Floyd,2003-02-02,1908
1660,9697087,Timothy,Schmidt,2003-10-07,127
1661,2535335,Lauren,Jones,2001-06-13,808
1662,58552,Jason,Hernandez,2004-05-10,442
1663,1759213,Krystal,Morrison,2000-09-24,690
1664,7673106,Cynthia,Long,2000-07-20,318
1665,83172,Seth,Colon,1998-06-04,711
1666,5571720,Brandi,Dominguez,2005-08-12,480
1667,5066051,Justin,Parker,2003-04-07,1636
1668,2600460,Alexandra,Cline,1999-08-18,450
1669,4137991,Heather,Hudson,2001-12-28,324
1670,2686051,Joyce,Donaldson,2003-03-20,1961
1671,1927581,Kimberly,Sanchez,2003-05-18,1982
1672,9461737,Caitlin,James,2003-05-18,986
1673,6459219,Erika,Bell,2000-06-17,1466
1674,1390504,Jessica,Perkins,2000-05-23,382
1675,8306088,Carol,Hernandez,1998-07-27,882
1676,9809874,Debbie,Gardner,2002-07-27,817
1677,821207,Nancy,Allen,2005-08-12,1287
1678,79788,Janice,Edwards,2003-11-11,682
1679,6047147,Matthew,Johnson,1998-12-12,1159
1680,5238942,Jamie,Sanchez,2000-01-24,565
1681,5571418,Teresa,Saunders,2001-06-02,1415
1682,4145071,Shawn,May,2002-01-08,684
1683,2115068,Alyssa,Sutton,1999-05-08,509
1684,5210838,Martha,Johnson,1998-07-16,1998
1685,8970803,Kevin,Cooper,2003-06-26,1290
1686,8681714,Diane,Fields,2004-05-31,1010
1687,2735966,Janet,Wagner,1999-02-27,95
1688,8670818,James,Williams,2004-06-24,389
1689,6242629,Noah,Powell,1998-12-13,1604
1690,5992331,Zachary,Davis,2006-03-12,266
1691,7543271,Bruce,Johnson,2000-10-10,1369
1692,5494246,Andrew,Pierce,1998-12-02,289
1693,6661144,Eddie,Price,2005-08-24,1554
1694,9591335,Karen,Norman,1999-08-22,1894
1695,758607,Timothy,Todd,2004-06-15,1146
1696,4941612,Julie,Gonzalez,2003-06-22,558
1697,1415240,Kristin,Baird,2000-02-13,873
1698,8050380,Anna,Chandler,1999-04-09,1191
1699,60953,David,Richardson,2005-02-25,706
1700,1446029,Christina,Chen,2001-10-30,1174
1701,8484919,Christopher,Williams,2005-12-08,872
1702,8677007,Lori,Bass,2004-06-20,1992
1703,7329321,Dylan,Smith,1999-07-29,1996
1704,398411,Patrick,Ellis,1999-08-21,1163
1705,9034025,Michelle,Deleon,2003-06-15,1791
1706,3594525,Philip,Henry,2000-11-20,1724
1707,557837,Logan,Patterson,2004-04-08,1191
1708,9995051,Kathleen,Hill,2001-03-14,1540
1709,4585886,Amy,Reilly,1998-08-14,1656
1710,6373023,Rhonda,Dougherty,1999-07-13,1997
1711,9519376,Samuel,Jackson,2001-01-16,387
1712,3440209,Tami,Foster,2001-05-03,169
1713,2757990,Wendy,Williams,2003-06-16,302
1714,2936860,Shelby,Anderson,2001-09-10,944
1715,643388,Matthew,Hardy,2005-07-07,874
1716,5572295,Brandon,Wolf,1999-07-20,858
1717,8946641,Darrell,Mitchell,2001-10-28,203
1718,5922883,Troy,Lee,2000-09-08,1542
1719,8540408,Kenneth,Nelson,2001-02-16,1803
1720,2406773,Isaac,King,1998-12-18,1885
1721,7911053,Theodore,Smith,1998-07-25,1895
1722,3762026,Jerry,Jones,1998-07-19,1468
1723,2353038,Suzanne,Johnson,2005-03-03,10
1724,2262929,Ashley,Fox,1999-05-01,468
1725,6462188,Terri,Cobb,2005-11-05,653
1726,8794372,Morgan,Wood,2003-10-09,499
1727,8965834,Kayla,Ellison,2001-09-20,1028
1728,8177468,Emily,Velasquez,2001-04-16,1232
1729,9992919,Patricia,Ramos,2002-09-26,1266
1730,7521174,Tracy,Medina,2001-12-10,607
1731,7685317,Jennifer,Simmons,1999-05-16,425
1732,2513944,Angela,Weber,2004-09-12,288
1733,1932786,Emily,Roberts,1998-06-09,1421
1734,9429906,Lauren,Estrada,2003-05-17,310
1735,4943215,Jessica,Gordon,2003-10-25,2039
1736,8980050,Laura,Morrison,2003-03-10,857
1737,5493216,John,Powell,1998-06-18,904
1738,2728895,Sarah,Phillips,2000-04-25,242
1739,4140124,Felicia,Williams,1999-09-24,810
1740,8897133,James,Evans,2000-09-12,1490
1741,6360201,Marie,Harrell,2004-04-10,1608
1742,5601496,Bryan,Olson,2004-04-19,560
1743,1763242,Tammy,Johnson,2003-03-28,1216
1744,9466653,James,Lucas,1999-09-05,1448
1745,3258114,Michael,Roach,2001-03-29,51
1746,7438968,Carlos,Cowan,2001-07-16,471
1747,6106768,Tanya,Kelly,2000-06-19,267
1748,1217664,Charles,Sanders,2001-11-25,141
1749,8306014,Kevin,Morse,2002-05-10,254
1750,662112,Cynthia,Gibbs,2004-09-20,1815
1751,6518293,Amanda,Neal,2002-01-18,1942
1752,9965122,James,Bush,2003-02-05,549
1753,6681648,David,Schwartz,2000-08-01,718
1754,4606512,Michael,Gonzalez,2004-07-26,1479
1755,6557087,Samantha,Carroll,1999-09-15,1310
1756,6500321,Jorge,Baird,2005-09-01,661
1757,1636820,Laura,Obrien,2005-01-11,951
1758,8494926,Rodney,Smith,2005-03-06,1287
1759,6547558,Curtis,Ibarra,2001-03-30,1605
1760,9191347,Michael,Heath,2003-06-21,783
1761,3542959,Scott,Phillips,2000-01-01,1235
1762,6271697,Tanya,Strickland,2004-05-08,853
1763,350094,Matthew,Phillips,2001-06-24,1529
1764,310350,Amanda,Gallagher,2003-09-10,995
1765,1688042,Alexandra,Daniel,2001-04-09,744
1766,7764695,Karl,Joseph,2005-10-13,1911
1767,8100022,Mary,Ross,1999-05-19,268
1768,1297469,Brian,Nichols,2005-05-17,339
1769,4841048,Sarah,Moses,1998-09-22,1483
1770,5268625,April,Stone,2005-08-29,1152
1771,3538050,Whitney,Brown,1998-08-26,1396
1772,6386687,Matthew,Smith,2001-05-23,99
1773,6500616,Randy,Dunn,2000-02-03,165
1774,1998682,Colleen,Nichols,1999-11-26,339
1775,8811942,Tonya,Clark,2005-03-14,386
1776,6735552,Sheri,Henderson,2003-09-21,1874
1777,9460839,Andrew,Mahoney,2003-01-06,729
1778,64997,Cassandra,Moore,2001-08-07,1718
1779,4650397,Philip,Tate,2002-09-24,261
1780,201801,Alexandria,Simmons,2000-06-07,409
1781,8648796,David,Williams,2000-07-08,1414
1782,395003,Jose,Hall,2003-04-18,37
1783,7031199,Stephanie,Church,2003-09-27,1975
1784,6738084,Jenna,Herring,2004-08-23,162
1785,3983082,John,Holmes,2000-02-12,175
1786,2674481,Ann,Lynch,1998-08-23,1594
1787,2757704,Steven,Dalton,2003-02-10,1394
1788,9760105,Jessica,Sparks,2004-02-22,2004
1789,7189487,Kimberly,Ellis,2005-10-01,1358
1790,6449193,Patricia,Gonzalez,2001-03-30,1738
1791,1419379,Anthony,Hayes,2005-02-25,1230
1792,8964310,Andrew,Wolfe,2005-01-04,448
1793,4983161,Whitney,Douglas,2002-10-05,739
1794,6223246,Melissa,Edwards,2003-01-11,1089
1795,7989935,Marissa,Alvarez,2003-05-24,1825
1796,7988478,Anna,Grimes,1999-07-17,965
1797,9672530,Monique,Ross,2002-08-03,1211
1798,836831,Olivia,Sanders,1998-09-06,514
1799,1778822,Mark,Gonzales,2002-11-25,1496
1800,3322829,Steven,Mcdaniel,2004-02-17,1734
1801,8944147,Julie,Rivas,2005-12-20,536
1802,4047088,Jose,Chavez,1999-03-16,687
1803,8673326,Cheyenne,Allen,2001-03-18,1116
1804,6028864,Jacob,Shah,2001-11-14,96
1805,1598398,Frank,Krause,1999-01-13,1553
1806,8999928,Michael,Mann,2001-05-21,848
1807,7556867,Whitney,Gonzalez,2003-05-31,1604
1808,7490606,Scott,Miller,2005-08-21,888
1809,5329975,Charles,Levy,2004-04-17,1309
1810,1788058,April,Navarro,1999-01-28,510
1811,3019071,Natalie,Mclaughlin,2004-02-28,388
1812,3136596,Derrick,Schwartz,1999-08-21,856
1813,3218425,Randy,Lewis,2004-10-10,1769
1814,3425361,David,Jimenez,2002-05-13,1070
1815,8078976,Kaitlin,Brooks,2004-04-26,1016
1816,6902248,Stephen,Kim,2001-04-04,112
1817,4273165,Roberta,Miller,2001-08-21,1254
1818,5115983,James,Peterson,2005-03-02,1296
1819,8236524,Kevin,Franklin,2002-12-16,1590
1820,764625,Thomas,Sanchez,2004-05-12,1780
1821,4458270,Kevin,Landry,2004-09-29,1745
1822,986059,Robert,Taylor,2001-06-03,376
1823,6075305,Rodney,Green,2004-08-27,480
1824,3344716,Cory,Foster,2000-05-14,1168
1825,1880657,Ashley,Nelson,2001-06-06,1078
1826,6091127,Kathryn,Reeves,2006-03-21,1026
1827,291174,Taylor,Herrera,2004-09-08,1231
1828,4678223,Nichole,Garrison,2005-11-09,1137
1829,6796194,Briana,Lewis,2000-12-31,1742
1830,9757730,Melissa,Bauer,2004-06-24,455
1831,7827472,Randy,Santiago,2002-06-28,1397
1832,4446996,Melissa,Vega,2002-06-18,15
1833,4750523,Jenny,George,2001-09-13,1659
1834,2042431,Andrew,Dyer,2005-10-15,940
1835,4284419,Emily,Davis,1999-01-01,383
1836,3676648,Wendy,Murray,1998-07-12,873
1837,8437810,Brandon,Johnson,2005-04-02,1036
1838,9027329,Dawn,Rodriguez,2005-04-14,1525
1839,5702233,Bethany,Payne,2002-02-28,388
1840,7882483,Tracey,Carr,1998-10-03,634
1841,2797992,Diamond,Thomas,1998-07-18,912
1842,4344767,Nicholas,Ramirez,2004-10-11,1606
1843,405434,Patrick,Brooks,2003-10-20,1740
1844,2035162,Jack,Freeman,2003-03-25,209
1845,7214103,Meghan,Duncan,2005-09-02,1862
1846,1627420,Cory,Khan,2000-12-30,960
1847,9970425,Michael,West,2004-10-13,1550
1848,8727220,Daniel,Mcdowell,1998-12-04,530
1849,8052868,Julia,Brown,2004-03-07,975
1850,2049072,Colleen,Brown,2001-07-15,96
1851,236996,Richard,Nunez,1999-03-01,80
1852,6489956,David,Chambers,2001-03-20,486
1853,6609477,Mark,Clark,1999-07-22,101
1854,922593,Ashley,Nunez,1998-11-02,120
1855,5277905,Diana,Gilbert,2000-08-08,581
1856,4440034,Melissa,Stephenson,2004-06-04,1646
1857,720894,Karen,Mills,2004-01-31,2036
1858,3224211,Kevin,Gonzalez,2005-01-27,1777
1859,8871579,Katherine,Swanson,2000-08-21,1508
1860,3292763,Gabriela,Cruz,1998-08-20,1139
1861,5953383,Kristin,Hamilton,2000-04-13,993
1862,2885852,Michael,Wilkerson,2003-03-14,2033
1863,7236996,Mark,Wade,2000-08-20,299
1864,2889782,Deanna,Griffin,2005-11-29,542
1865,3545895,Trevor,Rojas,2004-01-19,1326
1866,1288776,Nicole,Randolph,2005-10-19,1079
1867,446723,Penny,Price,1999-09-06,1676
1868,9367298,Nichole,Hicks,2001-06-02,353
1869,5003908,Karen,Bishop,2005-10-21,953
1870,2242595,Savannah,Harmon,1999-11-05,357
1871,4100643,Amanda,Wise,1999-06-14,1936
1872,241428,Jason,Zimmerman,2002-09-06,265
1873,1173019,Mathew,Smith,2003-10-08,1475
1874,4658047,Jennifer,Howard,2004-06-09,1626
1875,6978221,Caitlin,Wright,2005-08-09,593
1876,7899975,Melissa,Woods,2001-11-08,1729
1877,4774253,Michael,Powell,2000-02-01,1842
1878,1879248,Tony,Contreras,2006-05-23,646
1879,5163478,Claire,Hernandez,2005-08-15,867
1880,666465,Holly,Lewis,2004-07-02,2009
1881,3771919,Gail,Roy,2005-11-16,1242
1882,2745333,Maria,Ramirez,2001-01-20,1450
1883,217898,Molly,Andrews,2006-04-18,771
1884,8283094,Yvonne,Schultz,2004-03-22,1578
1885,9211465,Brenda,Gutierrez,2003-02-13,1864
1886,5072427,Paul,Paul,2001-07-19,1319
1887,7564657,Hunter,Obrien,2004-12-12,454
1888,1915259,Kristen,Elliott,2002-03-27,614
1889,9353397,Tara,Johnson,2000-08-12,1945
1890,8552450,William,Preston,2001-07-15,716
1891,1526686,Brandon,Davis,2003-01-12,1803
1892,769053,Brittany,Robertson,2000-09-15,519
1893,3248514,Ashley,Mayo,2004-09-15,431
1894,8452179,Brandon,Gonzalez,2000-02-14,1724
1895,1010675,Stephen,Pruitt,1998-09-21,378
1896,5358482,Frank,Miles,2002-06-29,1719
1897,8233177,Lisa,Taylor,2002-06-02,1941
1898,5297037,Gloria,Randolph,2003-02-27,290
1899,1155384,John,Lopez,2005-04-28,1206
1900,6325751,Casey,Mack,1999-04-29,762
1901,998576,Matthew,Aguilar,2001-12-10,1944
1902,3058061,Theresa,Adams,2003-05-24,26
1903,8932226,Michael,Doyle,1998-06-08,1076
1904,2836990,Benjamin,Kelly,2000-07-23,1124
1905,768777,Gabrielle,Garcia,2000-06-04,125
1906,9697348,Eric,Jones,2005-04-14,1843
1907,3221371,Carol,Davidson,1998-12-06,861
1908,8875573,Cody,Lane,2005-11-07,616
1909,3467970,Adam,Pearson,2003-01-18,522
1910,1979268,Bryan,Rodriguez,2004-05-28,4
1911,1601088,Ronald,Humphrey,2001-10-13,1742
1912,7721936,Ethan,Shelton,1999-04-22,1078
1913,2429872,Jason,Flores,2001-08-17,568
1914,8227068,Stephanie,Mcdonald,2005-08-11,91
1915,3487863,Bradley,Clay,1999-07-06,1451
1916,5931843,Nathan,Anderson,2000-09-17,1395
1917,4339602,Michael,Howard,2002-06-27,357
1918,6805492,Samantha,Wood,2006-05-28,184
1919,8862622,Mary,Luna,2003-07-23,351
1920,4657136,Darrell,Green,1998-11-02,1464
1921,1030801,Lawrence,Nunez,2005-03-24,444
1922,1620830,Casey,Montgomery,2005-08-29,1427
1923,7576967,Jonathan,Anderson,2005-10-11,813
1924,4316005,Daisy,Perry,2005-12-05,1840
1925,1431984,Heather,Solomon,2002-09-21,83
1926,5802649,Victoria,Espinoza,1999-11-19,351
1927,7460793,Sean,Miller,2005-12-09,668
1928,4483701,Michele,Osborn,2002-02-14,1797
1929,3123453,Theodore,Payne,2000-06-26,790
1930,6733848,Brandon,Salazar,2004-10-18,457
1931,8053572,Emily,Hodge,2002-10-10,1401
1932,7861390,Richard,Carroll,2002-03-02,37
1933,7040098,Ethan,Barker,1999-02-13,1117
1934,5229169,Stephanie,Lucero,2002-08-07,1672
1935,3698406,Drew,Mendez,1998-11-27,109
1936,3017258,Rodney,Wilson,2005-10-04,231
1937,9619025,Carl,Barber,1998-08-28,1538
1938,3524718,Stephen,Hart,1999-02-27,1830
1939,7089174,Sheila,Lucas,2005-08-10,133
1940,1441194,Brian,Huang,2001-06-02,1367
1941,7350488,Russell,Nolan,2001-03-04,994
1942,9521800,David,Harper,2001-07-25,1313
1943,944374,Kenneth,Gomez,1999-09-12,139
1944,7616669,Phillip,Young,2004-11-28,118
1945,904222,Brian,Hines,2005-12-24,458
1946,7216814,Stephanie,Jackson,1999-10-24,2042
1947,2940682,Charles,Jimenez,2002-01-06,1953
1948,1450962,Sandra,Martinez,2003-07-15,532
1949,9805090,Anthony,Thompson,2005-05-21,1515
1950,7877203,Beth,Sharp,2002-02-22,1182
1951,390127,Jessica,Mccann,2000-08-26,1774
1952,9394319,Kimberly,Andrade,2001-09-15,1216
1953,1796611,John,Nichols,2005-12-11,1840
1954,9436963,Nicholas,Charles,2001-06-03,1070
1955,1335863,Megan,Smith,2005-04-27,308
1956,4693643,Toni,Rich,2004-12-25,1468
1957,8512509,Marissa,Lara,1999-09-18,396
1958,9407679,Amber,Erickson,2003-12-23,1168
1959,2958915,Mark,Richardson,1999-02-20,444
1960,7671408,Sarah,Velasquez,2005-12-20,638
1961,7274516,David,Morales,1998-08-14,686
1962,4819022,Patricia,Green,1998-06-18,1272
1963,4533448,Daniel,Donaldson,2004-11-08,744
1964,1173331,Ryan,Turner,2004-11-02,40
1965,3046916,David,Huerta,2003-04-15,1531
1966,6651147,Alexander,Lee,2003-01-14,952
1967,7013618,Brittany,Martin,1998-07-10,109
1968,5253771,Krista,Smith,2002-11-23,1443
1969,1150873,Debra,Smith,2005-08-23,1350
1970,7856198,Joshua,Richardson,2004-09-14,1716
1971,9801868,Joe,Berry,2006-03-27,1144
1972,8971743,Benjamin,Ramirez,2003-03-08,2024
1973,7016024,Gabriel,Collins,2005-09-01,608
1974,7549133,Michelle,Castro,2003-06-06,552
1975,8260975,Emily,Ponce,2002-01-19,990
1976,2520561,Benjamin,Cox,2003-06-18,1308
1977,6849273,Alex,Nguyen,2006-01-02,1472
1978,1572056,Michelle,Castillo,2006-01-17,320
1979,514701,Brandon,Gardner,2001-03-05,724
1980,2440826,Jennifer,Brown,1999-01-27,471
1981,8631118,Christy,Sims,2000-05-08,1557
1982,708611,Laura,Phillips,2005-09-24,851
1983,7116759,Carlos,Hogan,2005-06-23,504
1984,3912498,Kevin,Yang,2001-01-29,1034
1985,8950866,Ronald,Hanson,2002-04-13,698
1986,6117211,Darrell,Bennett,2004-06-22,2022
1987,5831607,Jeffrey,Wallace,2005-07-19,1561
1988,3513627,Patrick,Ross,2005-08-24,351
1989,8969225,Kristina,Holmes,1998-06-07,592
1990,9580623,Brittany,Morgan,2005-11-05,490
1991,7956675,Sherri,Jones,2005-02-15,396
1992,552686,Jeffery,Sanchez,1998-07-26,377
1993,9949616,Michelle,Williams,2003-12-29,1110
1994,1332258,Lacey,Garcia,2000-06-16,599
1995,5485716,Isaiah,Smith,1999-08-29,797
1996,965766,Derrick,Kline,2002-06-16,1106
1997,966916,Kirsten,Keller,2006-04-22,1048
1998,9589453,Kayla,Knight,1999-04-29,990
1999,2144514,Joshua,Maldonado,2004-08-30,1378
2000,317276,Mark,Rodriguez,2004-08-26,619
